ms	datetime	channel	type	magnitude	minute_total	baseline	organic_n
1539752268000	2018-10-17 04:57:48 UTC	ts	minor	54	54	1.6	60
1539757346000	2018-10-17 06:22:26 UTC	ts	minor	61	61	2.6	60
1539778950000	2018-10-17 12:22:30 UTC	pdp	audit	-10714	-10714	0.6	60
1539778963000	2018-10-17 12:22:43 UTC	ts	audit	-50505	-50505	1.5	60
1539792772000	2018-10-17 16:12:52 UTC	ts	minor	66	66	1.1	60
1539806923000	2018-10-17 20:08:43 UTC	ts	audit	65973	65973	0.3	60
1539807027000	2018-10-17 20:10:27 UTC	pdp	audit	7844	7844	0.5	60
1539831940000	2018-10-18 03:05:40 UTC	ts	minor	96	96	0.7	60
1539838668000	2018-10-18 04:57:48 UTC	ts	minor	54	54	1.5	60
1539843746000	2018-10-18 06:22:26 UTC	ts	minor	57	57	2.5	60
1539879172000	2018-10-18 16:12:52 UTC	ts	minor	65	65	1.1	60
1539884839000	2018-10-18 17:47:19 UTC	pdp	minor	-100	-100	0.7	60
1539887784000	2018-10-18 18:36:24 UTC	pdp	audit	630	630	0.3	60
1539888198000	2018-10-18 18:43:18 UTC	ts	audit	7588	7588	1.5	60
1539918340000	2018-10-19 03:05:40 UTC	ts	minor	85	85	0.6	60
1539930146000	2018-10-19 06:22:26 UTC	ts	minor	57	57	2.4	60
1539965572000	2018-10-19 16:12:52 UTC	ts	minor	65	65	1.1	60
1539979220000	2018-10-19 20:00:20 UTC	ts	audit	7587	7587	0.9	60
1539979584000	2018-10-19 20:06:24 UTC	pdp	audit	1565	1565	0.6	60
1540004740000	2018-10-20 03:05:40 UTC	ts	minor	84	84	0.6	60
1540016546000	2018-10-20 06:22:26 UTC	ts	minor	54	54	2.3	60
1540051972000	2018-10-20 16:12:52 UTC	ts	minor	67	67	1.2	60
1540057639000	2018-10-20 17:47:19 UTC	pdp	minor	-130	-130	0.9	60
1540069966000	2018-10-20 21:12:46 UTC	ts	audit	3519	3519	0.3	60
1540070017000	2018-10-20 21:13:37 UTC	pdp	audit	-6464	-6464	0.8	60
1540091140000	2018-10-21 03:05:40 UTC	ts	minor	83	83	0.6	60
1540102946000	2018-10-21 06:22:26 UTC	ts	minor	57	57	2.4	60
1540138372000	2018-10-21 16:12:52 UTC	ts	minor	60	60	1.0	60
1540144039000	2018-10-21 17:47:19 UTC	pdp	minor	-121	-121	0.8	60
1540151917000	2018-10-21 19:58:37 UTC	ts	audit	11786	11786	0.7	60
1540152154000	2018-10-21 20:02:34 UTC	pdp	audit	4196	4196	0.6	60
1540177540000	2018-10-22 03:05:40 UTC	ts	minor	69	69	0.5	60
1540224772000	2018-10-22 16:12:52 UTC	ts	minor	57	57	1.1	60
1540230439000	2018-10-22 17:47:19 UTC	pdp	minor	-93	-93	0.6	60
1540233048000	2018-10-22 18:30:48 UTC	ts	audit	2746	2746	1.3	60
1540233109000	2018-10-22 18:31:49 UTC	pdp	audit	1871	1871	0.3	60
1540263940000	2018-10-23 03:05:40 UTC	ts	minor	66	66	0.6	60
1540311172000	2018-10-23 16:12:52 UTC	ts	minor	66	66	0.9	60
1540317991000	2018-10-23 18:06:31 UTC	ts	audit	5055	5055	1.7	60
1540318003000	2018-10-23 18:06:43 UTC	pdp	audit	-3665	-3665	0.8	60
1540350340000	2018-10-24 03:05:40 UTC	ts	minor	93	93	0.5	60
1540403239000	2018-10-24 17:47:19 UTC	pdp	minor	-77	-77	0.6	60
1540407034000	2018-10-24 18:50:34 UTC	pdp	audit	-1928	-1928	0.7	60
1540407046000	2018-10-24 18:50:46 UTC	ts	audit	6277	6277	1.2	60
1540436740000	2018-10-25 03:05:40 UTC	ts	minor	61	61	0.8	60
1540448546000	2018-10-25 06:22:26 UTC	ts	minor	58	58	1.7	60
1540453653000	2018-10-25 07:47:33 UTC	ts	minor	60	60	0.4	60
1540475060000	2018-10-25 13:44:20 UTC	ts	minor	60	60	1.1	60
1540476197000	2018-10-25 14:03:17 UTC	ts	minor	57	57	1.4	60
1540479533000	2018-10-25 14:58:53 UTC	ts	minor	66	66	1.2	60
1540481870000	2018-10-25 15:37:50 UTC	ts	minor	51	51	1.3	60
1540483972000	2018-10-25 16:12:52 UTC	ts	minor	90	90	0.7	60
1540489605000	2018-10-25 17:46:45 UTC	ts	audit	4106	4106	2.0	60
1540493556000	2018-10-25 18:52:36 UTC	ts	minor	73	73	1.4	60
1540523140000	2018-10-26 03:05:40 UTC	ts	minor	92	92	0.3	60
1540546583000	2018-10-26 09:36:23 UTC	ts	minor	63	63	1.3	60
1540547989000	2018-10-26 09:59:49 UTC	ts	minor	54	54	1.1	60
1540570902000	2018-10-26 16:21:42 UTC	ts	minor	84	84	1.8	60
1540588561000	2018-10-26 21:16:01 UTC	ts	audit	4348	4348	0.7	60
1540589255000	2018-10-26 21:27:35 UTC	pdp	audit	-10641	-10641	9.5	60
1540601968000	2018-10-27 00:59:28 UTC	pdp	audit	-25640	-25640	6.4	60
1540603524000	2018-10-27 01:25:24 UTC	pdp	minor	301	301	2.4	60
1540610244000	2018-10-27 03:17:24 UTC	pdp	audit	10191	10191	5.2	60
1540610837000	2018-10-27 03:27:17 UTC	ts	audit	-7715	-7715	2.3	60
1540616112000	2018-10-27 04:55:12 UTC	pdp	minor	101	101	3.8	60
1540624964000	2018-10-27 07:22:44 UTC	pdp	minor	70	70	2.6	60
1540627113000	2018-10-27 07:58:33 UTC	pdp	minor	64	64	2.7	60
1540628158000	2018-10-27 08:15:58 UTC	pdp	minor	64	64	2.4	60
1540628564000	2018-10-27 08:22:44 UTC	pdp	minor	53	53	2.1	60
1540631174000	2018-10-27 09:06:14 UTC	pdp	minor	82	82	2.4	60
1540632947000	2018-10-27 09:35:47 UTC	pdp	minor	55	55	2.5	60
1540640091000	2018-10-27 11:34:51 UTC	ts	minor	61	61	1.1	60
1540642659000	2018-10-27 12:17:39 UTC	ts	minor	58	58	1.3	60
1540647531000	2018-10-27 13:38:51 UTC	pdp	minor	110	110	3.0	60
1540648573000	2018-10-27 13:56:13 UTC	pdp	minor	93	93	3.0	60
1540651512000	2018-10-27 14:45:12 UTC	pdp	minor	77	77	3.3	60
1540658820000	2018-10-27 16:47:00 UTC	pdp	minor	104	104	2.6	60
1540659060000	2018-10-27 16:51:00 UTC	pdp	minor	73	73	3.5	60
1540659685000	2018-10-27 17:01:25 UTC	pdp	minor	91	183	3.8	60
1540659701000	2018-10-27 17:01:41 UTC	pdp	minor	92	183	2.3	59
1540662533000	2018-10-27 17:48:53 UTC	pdp	minor	83	83	3.2	60
1540664677000	2018-10-27 18:24:37 UTC	pdp	audit	23045	23045	4.5	60
1540664882000	2018-10-27 18:28:02 UTC	pdp	audit	-700	-617	4.6	60
1540664916000	2018-10-27 18:28:36 UTC	pdp	audit	83	-617	3.4	59
1540665497000	2018-10-27 18:38:17 UTC	ts	audit	10247	10247	1.5	60
1540670095000	2018-10-27 19:54:55 UTC	pdp	minor	101	101	2.6	60
1540675667000	2018-10-27 21:27:47 UTC	pdp	minor	74	74	2.2	60
1540675885000	2018-10-27 21:31:25 UTC	pdp	minor	85	85	2.1	60
1540677739000	2018-10-27 22:02:19 UTC	pdp	minor	72	72	2.7	60
1540680121000	2018-10-27 22:42:01 UTC	pdp	audit	6063	6063	2.5	60
1540680236000	2018-10-27 22:43:56 UTC	ts	audit	6708	6708	0.5	60
1540685084000	2018-10-28 00:04:44 UTC	pdp	minor	54	54	2.0	60
1540691485000	2018-10-28 01:51:25 UTC	pdp	minor	51	51	2.3	60
1540698974000	2018-10-28 03:56:14 UTC	ts	minor	54	54	1.7	60
1540699687000	2018-10-28 04:08:07 UTC	pdp	minor	63	63	1.4	60
1540703363000	2018-10-28 05:09:23 UTC	pdp	minor	-57	-57	2.6	60
1540704875000	2018-10-28 05:34:35 UTC	ts	minor	-155	89	1.6	60
1540704896000	2018-10-28 05:34:56 UTC	ts	minor	244	89	0.8	59
1540706551000	2018-10-28 06:02:31 UTC	ts	minor	52	52	1.7	60
1540711660000	2018-10-28 07:27:40 UTC	ts	minor	83	83	0.9	60
1540712854000	2018-10-28 07:47:34 UTC	ts	minor	63	63	1.5	60
1540713096000	2018-10-28 07:51:36 UTC	ts	minor	55	55	2.5	60
1540713497000	2018-10-28 07:58:17 UTC	ts	minor	52	104	1.2	60
1540713527000	2018-10-28 07:58:47 UTC	ts	minor	52	104	0.6	59
1540715893000	2018-10-28 08:38:13 UTC	ts	minor	88	88	1.0	60
1540718871000	2018-10-28 09:27:51 UTC	ts	minor	73	73	1.3	60
1540720597000	2018-10-28 09:56:37 UTC	ts	minor	53	53	1.6	60
1540726086000	2018-10-28 11:28:06 UTC	pdp	minor	61	61	1.5	60
1540739813000	2018-10-28 15:16:53 UTC	pdp	minor	179	179	3.3	60
1540749900000	2018-10-28 18:05:00 UTC	pdp	minor	87	87	2.4	60
1540752002000	2018-10-28 18:40:02 UTC	pdp	audit	-3087	-3087	3.8	60
1540752015000	2018-10-28 18:40:15 UTC	ts	audit	1190	1190	1.3	60
1540754528000	2018-10-28 19:22:08 UTC	pdp	minor	125	125	3.0	60
1540784072000	2018-10-29 03:34:32 UTC	ts	minor	106	106	1.6	60
1540784100000	2018-10-29 03:35:00 UTC	pdp	minor	127	127	2.3	60
1540794383000	2018-10-29 06:26:23 UTC	pdp	minor	93	93	-1.4	60
1540794643000	2018-10-29 06:30:43 UTC	pdp	minor	95	95	-0.4	60
1540794681000	2018-10-29 06:31:21 UTC	pdp	minor	-65	-65	0.2	59
1540802174000	2018-10-29 08:36:14 UTC	pdp	minor	114	114	0.8	60
1540803034000	2018-10-29 08:50:34 UTC	pdp	minor	51	51	1.9	60
1540804680000	2018-10-29 09:18:00 UTC	ts	minor	71	71	0.7	60
1540805876000	2018-10-29 09:37:56 UTC	pdp	minor	89	89	0.6	60
1540811222000	2018-10-29 11:07:02 UTC	pdp	minor	-79	-79	1.1	60
1540811347000	2018-10-29 11:09:07 UTC	pdp	minor	62	62	1.7	60
1540822532000	2018-10-29 14:15:32 UTC	ts	minor	52	52	1.7	60
1540824739000	2018-10-29 14:52:19 UTC	ts	minor	105	105	0.8	60
1540825185000	2018-10-29 14:59:45 UTC	pdp	minor	296	88	2.9	60
1540825198000	2018-10-29 14:59:58 UTC	pdp	minor	-208	88	3.1	59
1540825647000	2018-10-29 15:07:27 UTC	pdp	minor	299	99	2.2	60
1540825669000	2018-10-29 15:07:49 UTC	pdp	minor	-200	99	1.6	59
1540826148000	2018-10-29 15:15:48 UTC	pdp	minor	-281	-281	7.0	60
1540828939000	2018-10-29 16:02:19 UTC	pdp	minor	348	58	1.2	60
1540828951000	2018-10-29 16:02:31 UTC	pdp	minor	-290	58	1.2	59
1540831404000	2018-10-29 16:43:24 UTC	pdp	minor	-89	-89	2.1	60
1540831594000	2018-10-29 16:46:34 UTC	pdp	minor	100	100	1.9	60
1540833047000	2018-10-29 17:10:47 UTC	pdp	minor	56	56	0.7	60
1540835909000	2018-10-29 17:58:29 UTC	pdp	audit	12454	12454	1.6	60
1540836480000	2018-10-29 18:08:00 UTC	ts	minor	-285	-285	6.6	60
1540836566000	2018-10-29 18:09:26 UTC	ts	audit	7877	7877	2.0	60
1540837864000	2018-10-29 18:31:04 UTC	ts	minor	82	82	0.1	60
1540838890000	2018-10-29 18:48:10 UTC	pdp	minor	86	86	2.7	60
1540839565000	2018-10-29 18:59:25 UTC	pdp	minor	-261	-261	10.2	60
1540840464000	2018-10-29 19:14:24 UTC	pdp	minor	337	337	5.4	60
1540840537000	2018-10-29 19:15:37 UTC	ts	minor	297	297	1.0	60
1540840547000	2018-10-29 19:15:47 UTC	pdp	minor	90	90	2.0	60
1540841282000	2018-10-29 19:28:02 UTC	pdp	minor	306	37	5.9	60
1540841295000	2018-10-29 19:28:15 UTC	pdp	minor	-269	37	5.7	59
1540842595000	2018-10-29 19:49:55 UTC	ts	minor	-287	-287	2.0	60
1540843901000	2018-10-29 20:11:41 UTC	pdp	minor	321	72	4.7	60
1540843917000	2018-10-29 20:11:57 UTC	pdp	minor	-249	72	5.0	59
1540845688000	2018-10-29 20:41:28 UTC	pdp	minor	335	335	5.4	60
1540845688000	2018-10-29 20:41:28 UTC	ts	minor	59	59	0.6	60
1540846328000	2018-10-29 20:52:08 UTC	pdp	minor	318	36	5.2	60
1540846342000	2018-10-29 20:52:22 UTC	pdp	minor	-282	36	5.8	59
1540846503000	2018-10-29 20:55:03 UTC	pdp	minor	330	55	5.4	60
1540846519000	2018-10-29 20:55:19 UTC	pdp	minor	-275	55	5.4	59
1540847541000	2018-10-29 21:12:21 UTC	pdp	minor	292	51	5.8	60
1540847553000	2018-10-29 21:12:33 UTC	pdp	minor	-241	51	5.8	59
1540848054000	2018-10-29 21:20:54 UTC	pdp	minor	300	300	6.3	60
1540848070000	2018-10-29 21:21:10 UTC	pdp	minor	-244	-244	5.9	59
1540850692000	2018-10-29 22:04:52 UTC	pdp	minor	95	95	4.0	60
1540850938000	2018-10-29 22:08:58 UTC	ts	minor	304	304	0.4	60
1540850981000	2018-10-29 22:09:41 UTC	ts	minor	-301	-301	0.3	59
1540851030000	2018-10-29 22:10:30 UTC	ts	minor	301	301	0.5	59
1540851073000	2018-10-29 22:11:13 UTC	pdp	minor	305	36	4.8	60
1540851094000	2018-10-29 22:11:34 UTC	pdp	minor	-269	36	4.3	59
1540851161000	2018-10-29 22:12:41 UTC	ts	minor	-292	-292	0.2	60
1540852400000	2018-10-29 22:33:20 UTC	pdp	minor	304	304	2.9	60
1540853785000	2018-10-29 22:56:25 UTC	ts	minor	-259	-259	0.3	60
1540853802000	2018-10-29 22:56:42 UTC	pdp	minor	299	299	3.9	60
1540853826000	2018-10-29 22:57:06 UTC	pdp	minor	-282	-282	4.0	59
1540853847000	2018-10-29 22:57:27 UTC	ts	minor	300	300	-0.2	60
1540855134000	2018-10-29 23:18:54 UTC	pdp	audit	-11466	-11466	4.0	60
1540855358000	2018-10-29 23:22:38 UTC	pdp	minor	287	11	4.2	60
1540855369000	2018-10-29 23:22:49 UTC	pdp	minor	-276	11	4.5	59
1540855659000	2018-10-29 23:27:39 UTC	ts	audit	3330	3330	0.5	60
1540856775000	2018-10-29 23:46:15 UTC	pdp	minor	103	103	3.0	60
1540860077000	2018-10-30 00:41:17 UTC	pdp	minor	100	100	2.8	60
1540863654000	2018-10-30 01:40:54 UTC	pdp	minor	-299	-299	6.1	60
1540870472000	2018-10-30 03:34:32 UTC	ts	minor	53	53	1.3	60
1540870500000	2018-10-30 03:35:00 UTC	pdp	minor	88	88	3.0	60
1540877342000	2018-10-30 05:29:02 UTC	ts	minor	59	59	0.3	60
1540883560000	2018-10-30 07:12:40 UTC	pdp	minor	-132	-132	1.9	60
1540903040000	2018-10-30 12:37:20 UTC	pdp	minor	53	53	1.5	60
1540916124000	2018-10-30 16:15:24 UTC	pdp	minor	-78	-78	2.2	60
1540916160000	2018-10-30 16:16:00 UTC	pdp	minor	140	140	2.6	59
1540924802000	2018-10-30 18:40:02 UTC	pdp	audit	-1317	-1317	2.8	60
1540924815000	2018-10-30 18:40:15 UTC	ts	minor	366	366	1.0	60
1540926864000	2018-10-30 19:14:24 UTC	pdp	minor	65	65	2.1	60
1540926937000	2018-10-30 19:15:37 UTC	ts	minor	153	4	1.0	60
1540926958000	2018-10-30 19:15:58 UTC	ts	minor	-149	4	1.1	59
1540927682000	2018-10-30 19:28:02 UTC	pdp	minor	58	7	2.3	60
1540927695000	2018-10-30 19:28:15 UTC	pdp	minor	-51	7	2.3	59
1540928376000	2018-10-30 19:39:36 UTC	pdp	audit	7799	7799	2.3	60
1540930301000	2018-10-30 20:11:41 UTC	pdp	minor	96	19	3.2	60
1540930317000	2018-10-30 20:11:57 UTC	pdp	minor	-77	19	3.2	59
1540930396000	2018-10-30 20:13:16 UTC	ts	audit	-5034	-5034	0.7	60
1540932088000	2018-10-30 20:41:28 UTC	pdp	minor	101	101	3.4	60
1540932728000	2018-10-30 20:52:08 UTC	pdp	minor	97	15	3.0	60
1540932742000	2018-10-30 20:52:22 UTC	pdp	minor	-82	15	3.3	59
1540932903000	2018-10-30 20:55:03 UTC	pdp	minor	93	17	3.5	60
1540932919000	2018-10-30 20:55:19 UTC	pdp	minor	-76	17	3.5	59
1540933941000	2018-10-30 21:12:21 UTC	pdp	minor	90	19	3.1	60
1540933953000	2018-10-30 21:12:33 UTC	pdp	minor	-71	19	3.1	59
1540938800000	2018-10-30 22:33:20 UTC	pdp	minor	90	90	2.2	60
1540944399000	2018-10-31 00:06:39 UTC	pdp	minor	58	58	1.4	60
1540946138000	2018-10-31 00:35:38 UTC	ts	minor	96	96	-0.7	60
1540977845000	2018-10-31 09:24:05 UTC	pdp	minor	-74	107	1.1	60
1540977866000	2018-10-31 09:24:26 UTC	pdp	minor	181	107	1.1	59
1540987708000	2018-10-31 12:08:28 UTC	pdp	minor	166	166	1.0	60
1540996571000	2018-10-31 14:36:11 UTC	ts	minor	75	75	1.0	60
1541009386000	2018-10-31 18:09:46 UTC	ts	audit	12756	12756	1.8	60
1541009400000	2018-10-31 18:10:00 UTC	pdp	minor	68	68	2.0	60
1541009567000	2018-10-31 18:12:47 UTC	pdp	audit	7373	7373	2.5	60
1541016652000	2018-10-31 20:10:52 UTC	pdp	minor	55	55	1.8	60
1541016711000	2018-10-31 20:11:51 UTC	pdp	minor	-111	-111	2.4	59
1541023735000	2018-10-31 22:08:55 UTC	pdp	minor	90	90	1.2	60
1541036454000	2018-11-01 01:40:54 UTC	pdp	minor	-62	-62	2.0	60
1541098263000	2018-11-01 18:51:03 UTC	ts	audit	3608	3608	1.2	60
1541098304000	2018-11-01 18:51:44 UTC	pdp	audit	1243	1243	1.5	60
1541103111000	2018-11-01 20:11:51 UTC	pdp	minor	-100	-100	3.0	60
1541115414000	2018-11-01 23:36:54 UTC	pdp	minor	68	68	0.7	60
1541146547000	2018-11-02 08:15:47 UTC	pdp	minor	-55	-55	1.7	60
1541164959000	2018-11-02 13:22:39 UTC	ts	minor	52	52	1.2	60
1541165806000	2018-11-02 13:36:46 UTC	pdp	minor	97	97	1.0	60
1541166775000	2018-11-02 13:52:55 UTC	ts	minor	72	72	1.4	60
1541183115000	2018-11-02 18:25:15 UTC	ts	audit	8005	8059	1.0	60
1541183117000	2018-11-02 18:25:17 UTC	ts	audit	54	8059	1.2	59
1541183199000	2018-11-02 18:26:39 UTC	pdp	audit	1824	1824	1.3	60
1541189519000	2018-11-02 20:11:59 UTC	ts	minor	61	61	-0.2	60
1541194301000	2018-11-02 21:31:41 UTC	pdp	minor	51	51	2.4	60
1541196526000	2018-11-02 22:08:46 UTC	pdp	minor	58	58	2.9	60
1541221640000	2018-11-03 05:07:20 UTC	pdp	minor	-81	-22	1.3	60
1541221651000	2018-11-03 05:07:31 UTC	pdp	minor	59	-22	1.7	59
1541251733000	2018-11-03 13:28:53 UTC	ts	minor	62	62	1.3	60
1541254502000	2018-11-03 14:15:02 UTC	ts	minor	51	51	2.2	60
1541265135000	2018-11-03 17:12:15 UTC	ts	minor	51	51	1.5	60
1541269887000	2018-11-03 18:31:27 UTC	pdp	audit	-1214	-1214	1.4	60
1541269933000	2018-11-03 18:32:13 UTC	ts	audit	2034	2034	1.2	60
1541292131000	2018-11-04 00:42:11 UTC	ts	minor	55	55	0.5	60
1541337326000	2018-11-04 13:15:26 UTC	ts	minor	53	53	1.3	60
1541337387000	2018-11-04 13:16:27 UTC	ts	minor	58	58	1.6	60
1541347861000	2018-11-04 16:11:01 UTC	ts	minor	152	152	1.5	60
1541356931000	2018-11-04 18:42:11 UTC	pdp	minor	72	72	3.0	60
1541360743000	2018-11-04 19:45:43 UTC	ts	audit	9316	9316	0.8	60
1541433903000	2018-11-05 16:05:03 UTC	pdp	minor	83	83	0.1	60
1541436787000	2018-11-05 16:53:07 UTC	ts	minor	52	52	1.4	60
1541438290000	2018-11-05 17:18:10 UTC	ts	minor	78	78	2.3	60
1541439148000	2018-11-05 17:32:28 UTC	pdp	minor	63	63	1.6	60
1541439148000	2018-11-05 17:32:28 UTC	ts	minor	78	78	1.7	60
1541439206000	2018-11-05 17:33:26 UTC	pdp	minor	61	61	1.4	59
1541446195000	2018-11-05 19:29:55 UTC	ts	audit	5609	5609	0.7	60
1541446493000	2018-11-05 19:34:53 UTC	pdp	minor	84	497	1.5	60
1541446494000	2018-11-05 19:34:54 UTC	pdp	minor	65	497	1.5	59
1541446495000	2018-11-05 19:34:55 UTC	pdp	minor	67	497	1.5	58
1541446496000	2018-11-05 19:34:56 UTC	pdp	minor	57	497	1.4	57
1541446497000	2018-11-05 19:34:57 UTC	pdp	minor	55	497	1.4	56
1541446498000	2018-11-05 19:34:58 UTC	pdp	minor	81	497	1.3	55
1541446499000	2018-11-05 19:34:59 UTC	pdp	minor	88	497	1.3	54
1541452404000	2018-11-05 21:13:24 UTC	pdp	minor	56	56	0.8	60
1541459858000	2018-11-05 23:17:38 UTC	pdp	minor	52	52	0.7	60
1541471058000	2018-11-06 02:24:18 UTC	pdp	minor	56	56	0.5	60
1541532621000	2018-11-06 19:30:21 UTC	ts	audit	6138	6138	0.4	60
1541533042000	2018-11-06 19:37:22 UTC	pdp	minor	-296	-296	2.4	60
1541535376000	2018-11-06 20:16:16 UTC	pdp	audit	3493	3493	2.7	60
1541538263000	2018-11-06 21:04:23 UTC	pdp	minor	78	78	2.7	60
1541538804000	2018-11-06 21:13:24 UTC	pdp	minor	52	52	2.0	60
1541542489000	2018-11-06 22:14:49 UTC	pdp	minor	101	101	2.7	60
1541543285000	2018-11-06 22:28:05 UTC	pdp	minor	92	92	3.0	60
1541546063000	2018-11-06 23:14:23 UTC	pdp	minor	85	85	2.1	60
1541546273000	2018-11-06 23:17:53 UTC	pdp	minor	58	58	2.7	60
1541565083000	2018-11-07 04:31:23 UTC	ts	minor	64	64	1.4	60
1541576735000	2018-11-07 07:45:35 UTC	pdp	minor	76	152	0.6	60
1541576738000	2018-11-07 07:45:38 UTC	pdp	minor	76	152	0.6	59
1541578485000	2018-11-07 08:14:45 UTC	pdp	minor	100	-3	0.9	60
1541578497000	2018-11-07 08:14:57 UTC	pdp	minor	-103	-3	0.8	59
1541578512000	2018-11-07 08:15:12 UTC	pdp	minor	117	117	0.1	58
1541579093000	2018-11-07 08:24:53 UTC	pdp	minor	62	62	0.7	60
1541584677000	2018-11-07 09:57:57 UTC	ts	minor	74	74	0.7	60
1541586158000	2018-11-07 10:22:38 UTC	pdp	minor	211	211	1.0	60
1541586256000	2018-11-07 10:24:16 UTC	pdp	minor	151	206	-2.5	60
1541586272000	2018-11-07 10:24:32 UTC	pdp	minor	55	206	-1.1	59
1541586338000	2018-11-07 10:25:38 UTC	pdp	minor	-273	-273	0.9	60
1541586481000	2018-11-07 10:28:01 UTC	pdp	audit	1543	1543	0.5	60
1541587127000	2018-11-07 10:38:47 UTC	ts	minor	82	82	1.2	60
1541592259000	2018-11-07 12:04:19 UTC	pdp	audit	4880	4880	0.8	60
1541593411000	2018-11-07 12:23:31 UTC	pdp	minor	60	60	1.3	60
1541594145000	2018-11-07 12:35:45 UTC	pdp	minor	94	94	1.8	60
1541594148000	2018-11-07 12:35:48 UTC	ts	minor	60	60	1.9	60
1541595046000	2018-11-07 12:50:46 UTC	ts	minor	109	109	0.6	60
1541595804000	2018-11-07 13:03:24 UTC	pdp	minor	82	82	1.8	60
1541596277000	2018-11-07 13:11:17 UTC	pdp	minor	74	74	1.3	60
1541600082000	2018-11-07 14:14:42 UTC	pdp	minor	79	79	1.6	60
1541601073000	2018-11-07 14:31:13 UTC	pdp	minor	72	72	1.0	60
1541603579000	2018-11-07 15:12:59 UTC	pdp	minor	67	67	1.9	60
1541603811000	2018-11-07 15:16:51 UTC	ts	minor	71	71	1.0	60
1541604148000	2018-11-07 15:22:28 UTC	pdp	minor	86	86	0.2	60
1541604435000	2018-11-07 15:27:15 UTC	pdp	minor	66	66	1.8	60
1541608008000	2018-11-07 16:26:48 UTC	pdp	minor	69	69	1.4	60
1541608208000	2018-11-07 16:30:08 UTC	ts	minor	72	72	1.6	60
1541608932000	2018-11-07 16:42:12 UTC	pdp	minor	131	131	1.1	60
1541609960000	2018-11-07 16:59:20 UTC	pdp	minor	65	65	1.3	60
1541610878000	2018-11-07 17:14:38 UTC	pdp	minor	75	75	1.7	60
1541613916000	2018-11-07 18:05:16 UTC	ts	minor	58	58	0.9	60
1541614102000	2018-11-07 18:08:22 UTC	pdp	minor	113	113	1.6	60
1541616644000	2018-11-07 18:50:44 UTC	ts	minor	-111	-111	1.9	60
1541616696000	2018-11-07 18:51:36 UTC	pdp	minor	124	124	1.4	60
1541618831000	2018-11-07 19:27:11 UTC	pdp	minor	95	95	-0.3	60
1541619536000	2018-11-07 19:38:56 UTC	ts	audit	5968	5968	0.8	60
1541619677000	2018-11-07 19:41:17 UTC	pdp	audit	4836	4836	2.3	60
1541628146000	2018-11-07 22:02:26 UTC	pdp	minor	86	86	1.0	60
1541630413000	2018-11-07 22:40:13 UTC	pdp	minor	66	66	1.1	60
1541632842000	2018-11-07 23:20:42 UTC	pdp	minor	82	82	1.3	60
1541633220000	2018-11-07 23:27:00 UTC	pdp	minor	64	64	0.9	60
1541633305000	2018-11-07 23:28:25 UTC	pdp	minor	80	80	-0.5	60
1541634648000	2018-11-07 23:50:48 UTC	pdp	minor	57	57	0.8	60
1541635285000	2018-11-08 00:01:25 UTC	pdp	minor	-51	50	1.4	60
1541635304000	2018-11-08 00:01:44 UTC	pdp	minor	101	50	0.5	59
1541635472000	2018-11-08 00:04:32 UTC	ts	minor	64	64	-0.6	60
1541663135000	2018-11-08 07:45:35 UTC	pdp	minor	56	112	0.5	60
1541663138000	2018-11-08 07:45:38 UTC	pdp	minor	56	112	0.5	59
1541671077000	2018-11-08 09:57:57 UTC	ts	minor	81	81	0.5	60
1541671450000	2018-11-08 10:04:10 UTC	pdp	minor	-72	-72	2.4	60
1541671572000	2018-11-08 10:06:12 UTC	pdp	minor	61	61	0.3	60
1541671850000	2018-11-08 10:10:50 UTC	pdp	minor	61	61	0.5	60
1541672558000	2018-11-08 10:22:38 UTC	pdp	minor	305	305	1.5	60
1541672656000	2018-11-08 10:24:16 UTC	pdp	minor	218	298	-3.3	60
1541672672000	2018-11-08 10:24:32 UTC	pdp	minor	80	298	-0.8	59
1541672738000	2018-11-08 10:25:38 UTC	pdp	minor	-395	-395	1.4	60
1541673527000	2018-11-08 10:38:47 UTC	ts	minor	90	90	1.3	60
1541680191000	2018-11-08 12:29:51 UTC	ts	minor	62	62	2.0	60
1541682802000	2018-11-08 13:13:22 UTC	ts	minor	116	116	1.5	60
1541685025000	2018-11-08 13:50:25 UTC	pdp	minor	-52	-52	1.7	60
1541685154000	2018-11-08 13:52:34 UTC	pdp	minor	-82	4	1.1	60
1541685171000	2018-11-08 13:52:51 UTC	pdp	minor	86	4	1.1	59
1541685205000	2018-11-08 13:53:25 UTC	pdp	minor	-90	-90	1.0	58
1541685422000	2018-11-08 13:57:02 UTC	pdp	minor	538	538	1.1	60
1541685450000	2018-11-08 13:57:30 UTC	ts	minor	116	116	2.1	60
1541697083000	2018-11-08 17:11:23 UTC	pdp	minor	-69	-69	2.1	60
1541697144000	2018-11-08 17:12:24 UTC	pdp	minor	124	124	0.6	60
1541700293000	2018-11-08 18:04:53 UTC	pdp	minor	72	72	1.6	60
1541705696000	2018-11-08 19:34:56 UTC	ts	minor	75	75	-0.3	60
1541709641000	2018-11-08 20:40:41 UTC	pdp	audit	-2499	-2499	1.6	60
1541709719000	2018-11-08 20:41:59 UTC	ts	audit	2823	2823	0.5	60
1541714546000	2018-11-08 22:02:26 UTC	pdp	minor	75	75	0.8	60
1541716813000	2018-11-08 22:40:13 UTC	pdp	minor	57	57	1.0	60
1541719242000	2018-11-08 23:20:42 UTC	pdp	minor	62	62	1.0	60
1541719660000	2018-11-08 23:27:40 UTC	pdp	minor	-51	-51	1.6	60
1541719705000	2018-11-08 23:28:25 UTC	pdp	minor	61	61	0.4	59
1541721872000	2018-11-09 00:04:32 UTC	ts	minor	58	58	-0.5	60
1541748726000	2018-11-09 07:32:06 UTC	ts	minor	65	65	1.3	60
1541766443000	2018-11-09 12:27:23 UTC	ts	minor	51	51	1.9	60
1541769333000	2018-11-09 13:15:33 UTC	pdp	minor	85	85	1.6	60
1541775774000	2018-11-09 15:02:54 UTC	pdp	minor	217	217	1.9	60
1541782697000	2018-11-09 16:58:17 UTC	ts	minor	71	71	1.8	60
1541784918000	2018-11-09 17:35:18 UTC	ts	minor	65	65	1.9	60
1541789540000	2018-11-09 18:52:20 UTC	pdp	minor	83	83	1.4	60
1541799601000	2018-11-09 21:40:01 UTC	pdp	audit	-8667	-8667	2.5	60
1541800139000	2018-11-09 21:48:59 UTC	ts	audit	4249	4249	0.4	60
1541815656000	2018-11-10 02:07:36 UTC	pdp	minor	73	73	1.9	60
1541815656000	2018-11-10 02:07:36 UTC	ts	minor	68	68	1.9	60
1541820329000	2018-11-10 03:25:29 UTC	pdp	minor	234	234	0.8	60
1541838410000	2018-11-10 08:26:50 UTC	ts	minor	52	52	1.8	60
1541844236000	2018-11-10 10:03:56 UTC	pdp	minor	56	56	1.0	60
1541845403000	2018-11-10 10:23:23 UTC	pdp	minor	-168	-168	4.0	60
1541845456000	2018-11-10 10:24:16 UTC	pdp	minor	111	111	1.4	59
1541846327000	2018-11-10 10:38:47 UTC	ts	minor	51	51	1.9	60
1541847244000	2018-11-10 10:54:04 UTC	pdp	minor	78	78	0.8	60
1541855602000	2018-11-10 13:13:22 UTC	ts	minor	62	62	2.2	60
1541855733000	2018-11-10 13:15:33 UTC	pdp	minor	53	53	2.3	60
1541858250000	2018-11-10 13:57:30 UTC	ts	minor	62	62	2.4	60
1541858365000	2018-11-10 13:59:25 UTC	pdp	minor	57	57	1.2	60
1541861698000	2018-11-10 14:54:58 UTC	ts	minor	55	55	2.3	60
1541861911000	2018-11-10 14:58:31 UTC	ts	minor	87	87	1.5	60
1541864242000	2018-11-10 15:37:22 UTC	ts	minor	61	61	2.0	60
1541882010000	2018-11-10 20:33:30 UTC	ts	audit	9581	9581	0.7	60
1541882740000	2018-11-10 20:45:40 UTC	pdp	audit	7333	7333	0.9	60
1541911776000	2018-11-11 04:49:36 UTC	ts	minor	51	51	1.4	60
1541929461000	2018-11-11 09:44:21 UTC	ts	minor	51	51	2.3	60
1541933302000	2018-11-11 10:48:22 UTC	pdp	minor	92	92	0.7	60
1541945536000	2018-11-11 14:12:16 UTC	ts	minor	-77	-77	2.5	60
1541945759000	2018-11-11 14:15:59 UTC	ts	minor	129	129	0.4	60
1541948574000	2018-11-11 15:02:54 UTC	pdp	minor	97	97	1.5	60
1541948574000	2018-11-11 15:02:54 UTC	ts	minor	147	147	2.5	60
1541964188000	2018-11-11 19:23:08 UTC	ts	minor	-62	-62	1.0	60
1541964240000	2018-11-11 19:24:00 UTC	ts	minor	78	78	0.2	59
1541970317000	2018-11-11 21:05:17 UTC	pdp	audit	1714	1714	1.0	60
1541970317000	2018-11-11 21:05:17 UTC	ts	audit	7482	7482	0.4	60
1542008156000	2018-11-12 07:35:56 UTC	ts	minor	252	252	1.6	60
1542024122000	2018-11-12 12:02:02 UTC	ts	minor	62	62	0.1	60
1542038781000	2018-11-12 16:06:21 UTC	pdp	minor	54	316	0.7	60
1542038783000	2018-11-12 16:06:23 UTC	pdp	minor	262	316	0.6	59
1542038832000	2018-11-12 16:07:12 UTC	ts	minor	108	182	1.8	60
1542038833000	2018-11-12 16:07:13 UTC	ts	minor	74	182	1.7	59
1542076211000	2018-11-13 02:30:11 UTC	ts	minor	57	57	1.8	60
1542081968000	2018-11-13 04:06:08 UTC	ts	minor	54	54	2.7	60
1542090984000	2018-11-13 06:36:24 UTC	ts	minor	76	76	0.3	60
1542095502000	2018-11-13 07:51:42 UTC	pdp	minor	55	55	-0.1	60
1542118383000	2018-11-13 14:13:03 UTC	ts	minor	82	82	0.9	60
1542118559000	2018-11-13 14:15:59 UTC	ts	minor	61	61	1.4	60
1542121374000	2018-11-13 15:02:54 UTC	ts	minor	64	64	2.5	60
1542162386000	2018-11-14 02:26:26 UTC	ts	audit	8525	8525	1.6	60
1542162391000	2018-11-14 02:26:31 UTC	pdp	audit	-8321	-8321	1.6	60
1542203902000	2018-11-14 13:58:22 UTC	ts	minor	51	51	2.5	60
1542211583000	2018-11-14 16:06:23 UTC	pdp	minor	155	155	1.9	60
1542211632000	2018-11-14 16:07:12 UTC	ts	minor	53	53	1.9	60
1542243055000	2018-11-15 00:50:55 UTC	pdp	audit	15067	15067	0.8	60
1542290250000	2018-11-15 13:57:30 UTC	ts	minor	56	56	2.4	60
1542290302000	2018-11-15 13:58:22 UTC	ts	minor	58	58	1.9	59
1542294400000	2018-11-15 15:06:40 UTC	ts	minor	77	77	1.1	60
1542317261000	2018-11-15 21:27:41 UTC	pdp	audit	-4771	-4771	0.6	60
1542317633000	2018-11-15 21:33:53 UTC	ts	audit	15323	15323	0.3	60
1542365830000	2018-11-16 10:57:10 UTC	ts	minor	93	93	1.9	60
1542375748000	2018-11-16 13:42:28 UTC	ts	minor	70	70	1.4	60
1542377022000	2018-11-16 14:03:42 UTC	ts	minor	-175	-175	2.4	60
1542378711000	2018-11-16 14:31:51 UTC	ts	minor	51	51	2.1	60
1542378828000	2018-11-16 14:33:48 UTC	ts	minor	53	53	1.4	60
1542387659000	2018-11-16 17:00:59 UTC	pdp	minor	56	56	1.6	60
1542393550000	2018-11-16 18:39:10 UTC	ts	minor	-52	-141	1.2	60
1542393596000	2018-11-16 18:39:56 UTC	ts	minor	-89	-141	1.7	59
1542393617000	2018-11-16 18:40:17 UTC	ts	minor	136	136	1.6	59
1542399410000	2018-11-16 20:16:50 UTC	pdp	minor	581	581	1.1	60
1542450256000	2018-11-17 10:24:16 UTC	pdp	minor	86	86	-0.3	60
1542453190000	2018-11-17 11:13:10 UTC	pdp	minor	67	67	0.6	60
1542463422000	2018-11-17 14:03:42 UTC	ts	minor	-105	-14	2.8	60
1542463437000	2018-11-17 14:03:57 UTC	ts	minor	91	-14	2.3	59
1542471743000	2018-11-17 16:22:23 UTC	ts	minor	58	58	1.3	60
1542479996000	2018-11-17 18:39:56 UTC	ts	minor	-51	-51	1.1	60
1542480017000	2018-11-17 18:40:17 UTC	ts	minor	71	71	1.5	59
1542492123000	2018-11-17 22:02:03 UTC	pdp	audit	-11114	-11114	1.0	60
1542492221000	2018-11-17 22:03:41 UTC	ts	audit	1281	1281	0.2	60
1542499892000	2018-11-18 00:11:32 UTC	pdp	minor	54	54	0.4	60
1542578578000	2018-11-18 22:02:58 UTC	ts	audit	6740	6740	0.1	60
1542581815000	2018-11-18 22:56:55 UTC	pdp	audit	-6588	-6588	0.8	60
1542595459000	2018-11-19 02:44:19 UTC	ts	audit	1284	1284	1.1	60
1542620233000	2018-11-19 09:37:13 UTC	pdp	minor	67	67	0.6	60
1542620354000	2018-11-19 09:39:14 UTC	pdp	minor	-140	14	1.0	60
1542620390000	2018-11-19 09:39:50 UTC	pdp	minor	154	14	0.6	59
1542645508000	2018-11-19 16:38:28 UTC	ts	minor	54	54	1.8	60
1542647685000	2018-11-19 17:14:45 UTC	ts	minor	97	97	0.1	60
1542655201000	2018-11-19 19:20:01 UTC	ts	audit	9754	9754	0.4	60
1542655690000	2018-11-19 19:28:10 UTC	pdp	audit	16196	16196	1.4	60
1542659337000	2018-11-19 20:28:57 UTC	pdp	minor	61	61	2.0	60
1542694043000	2018-11-20 06:07:23 UTC	pdp	minor	88	88	0.2	60
1542701679000	2018-11-20 08:14:39 UTC	ts	minor	60	60	0.5	60
1542723821000	2018-11-20 14:23:41 UTC	ts	minor	-75	40	2.4	60
1542723834000	2018-11-20 14:23:54 UTC	ts	minor	115	40	1.9	59
1542723845000	2018-11-20 14:24:05 UTC	ts	minor	-130	-42	1.8	58
1542723864000	2018-11-20 14:24:24 UTC	ts	minor	88	-42	1.2	57
1542725865000	2018-11-20 14:57:45 UTC	pdp	minor	74	74	-0.0	60
1542725880000	2018-11-20 14:58:00 UTC	pdp	minor	-58	11	0.4	59
1542725897000	2018-11-20 14:58:17 UTC	pdp	minor	69	11	-0.7	58
1542727007000	2018-11-20 15:16:47 UTC	ts	minor	58	58	1.4	60
1542729204000	2018-11-20 15:53:24 UTC	ts	minor	59	59	1.3	60
1542735948000	2018-11-20 17:45:48 UTC	ts	audit	122	1463	2.4	60
1542735949000	2018-11-20 17:45:49 UTC	ts	audit	122	1463	2.3	59
1542735950000	2018-11-20 17:45:50 UTC	ts	audit	122	1463	2.3	58
1542735951000	2018-11-20 17:45:51 UTC	ts	audit	121	1463	2.4	57
1542735952000	2018-11-20 17:45:52 UTC	ts	audit	122	1463	2.3	56
1542735953000	2018-11-20 17:45:53 UTC	ts	audit	122	1463	2.3	55
1542735954000	2018-11-20 17:45:54 UTC	ts	audit	122	1463	2.4	54
1542735955000	2018-11-20 17:45:55 UTC	ts	audit	122	1463	2.4	53
1542735956000	2018-11-20 17:45:56 UTC	ts	audit	122	1463	2.4	52
1542735957000	2018-11-20 17:45:57 UTC	ts	audit	122	1463	2.5	51
1542735958000	2018-11-20 17:45:58 UTC	ts	audit	122	1463	2.5	50
1542735959000	2018-11-20 17:45:59 UTC	ts	audit	122	1463	2.5	49
1542735960000	2018-11-20 17:46:00 UTC	ts	minor	121	487	2.5	48
1542735961000	2018-11-20 17:46:01 UTC	ts	minor	122	487	2.6	47
1542735962000	2018-11-20 17:46:02 UTC	ts	minor	122	487	2.2	46
1542735963000	2018-11-20 17:46:03 UTC	ts	minor	122	487	2.2	45
1542738638000	2018-11-20 18:30:38 UTC	pdp	minor	69	69	0.6	60
1542784077000	2018-11-21 07:07:57 UTC	ts	audit	3946	3946	1.7	60
1542784085000	2018-11-21 07:08:05 UTC	pdp	audit	2310	2310	0.8	60
1542787315000	2018-11-21 08:01:55 UTC	ts	minor	60	60	0.7	60
1542795268000	2018-11-21 10:14:28 UTC	ts	minor	52	52	1.0	60
1542800382000	2018-11-21 11:39:42 UTC	ts	minor	64	64	0.7	60
1542805666000	2018-11-21 13:07:46 UTC	ts	minor	86	86	0.9	60
1542821416000	2018-11-21 17:30:16 UTC	pdp	minor	-54	-54	0.8	60
1542821493000	2018-11-21 17:31:33 UTC	pdp	minor	273	273	1.6	60
1542835373000	2018-11-21 21:22:53 UTC	pdp	minor	121	121	0.5	60
1542853638000	2018-11-22 02:27:18 UTC	ts	minor	66	66	1.5	60
1542859899000	2018-11-22 04:11:39 UTC	ts	audit	5553	5553	1.5	60
1542871714000	2018-11-22 07:28:34 UTC	pdp	minor	57	57	0.3	60
1542871755000	2018-11-22 07:29:15 UTC	pdp	minor	-79	13	0.6	59
1542871766000	2018-11-22 07:29:26 UTC	pdp	minor	92	13	0.8	58
1542877548000	2018-11-22 09:05:48 UTC	pdp	minor	87	87	-0.3	60
1542897950000	2018-11-22 14:45:50 UTC	ts	minor	89	89	1.2	60
1542898822000	2018-11-22 15:00:22 UTC	pdp	minor	93	93	1.2	60
1542900529000	2018-11-22 15:28:49 UTC	ts	minor	89	89	0.1	60
1542900912000	2018-11-22 15:35:12 UTC	pdp	minor	56	122	1.8	60
1542900912000	2018-11-22 15:35:12 UTC	ts	minor	132	132	2.4	60
1542900918000	2018-11-22 15:35:18 UTC	pdp	minor	66	122	2.3	59
1542902180000	2018-11-22 15:56:20 UTC	ts	minor	55	55	1.6	60
1542902226000	2018-11-22 15:57:06 UTC	ts	minor	61	151	-1.1	59
1542902227000	2018-11-22 15:57:07 UTC	ts	minor	90	151	-1.2	58
1542906512000	2018-11-22 17:08:32 UTC	pdp	minor	78	78	1.1	60
1542907893000	2018-11-22 17:31:33 UTC	pdp	minor	71	71	1.7	60
1542913604000	2018-11-22 19:06:44 UTC	ts	audit	3791	3791	1.3	60
1542928397000	2018-11-22 23:13:17 UTC	pdp	minor	51	51	0.7	60
1542935456000	2018-11-23 01:10:56 UTC	ts	minor	99	99	-0.8	60
1542950679000	2018-11-23 05:24:39 UTC	pdp	minor	-58	-58	1.2	60
1542955504000	2018-11-23 06:45:04 UTC	ts	minor	88	88	2.5	60
1542959448000	2018-11-23 07:50:48 UTC	ts	minor	88	88	1.7	60
1542960119000	2018-11-23 08:01:59 UTC	ts	minor	89	89	1.3	60
1542965961000	2018-11-23 09:39:21 UTC	pdp	minor	97	97	0.3	60
1542966406000	2018-11-23 09:46:46 UTC	pdp	minor	69	69	-0.1	60
1542969829000	2018-11-23 10:43:49 UTC	ts	minor	-347	-347	2.6	60
1542988403000	2018-11-23 15:53:23 UTC	ts	minor	52	52	2.0	60
1542994299000	2018-11-23 17:31:39 UTC	ts	minor	77	77	1.7	60
1543006868000	2018-11-23 21:01:08 UTC	pdp	audit	1040	1040	1.4	60
1543006876000	2018-11-23 21:01:16 UTC	ts	audit	10052	10052	0.8	60
1543014198000	2018-11-23 23:03:18 UTC	pdp	minor	56	56	1.6	60
1543022849000	2018-11-24 01:27:29 UTC	pdp	minor	81	81	0.4	60
1543037497000	2018-11-24 05:31:37 UTC	ts	minor	83	83	1.9	60
1543041486000	2018-11-24 06:38:06 UTC	ts	minor	82	82	0.9	60
1543041722000	2018-11-24 06:42:02 UTC	pdp	minor	51	51	0.8	60
1543044433000	2018-11-24 07:27:13 UTC	ts	minor	51	51	1.4	60
1543050348000	2018-11-24 09:05:48 UTC	pdp	minor	61	61	0.5	60
1543052361000	2018-11-24 09:39:21 UTC	pdp	minor	70	70	1.0	60
1543056160000	2018-11-24 10:42:40 UTC	ts	minor	59	59	0.9	60
1543056244000	2018-11-24 10:44:04 UTC	ts	minor	128	128	1.9	60
1543065101000	2018-11-24 13:11:41 UTC	pdp	minor	79	21	0.8	60
1543065119000	2018-11-24 13:11:59 UTC	pdp	minor	-58	21	0.9	59
1543065176000	2018-11-24 13:12:56 UTC	pdp	minor	120	120	1.0	59
1543067570000	2018-11-24 13:52:50 UTC	ts	minor	84	84	1.7	60
1543069829000	2018-11-24 14:30:29 UTC	ts	minor	75	75	1.6	60
1543070301000	2018-11-24 14:38:21 UTC	ts	minor	61	61	2.1	60
1543071591000	2018-11-24 14:59:51 UTC	ts	minor	80	80	1.6	60
1543075273000	2018-11-24 16:01:13 UTC	ts	minor	56	56	1.8	60
1543082985000	2018-11-24 18:09:45 UTC	pdp	minor	89	-14	0.7	60
1543082996000	2018-11-24 18:09:56 UTC	pdp	minor	-103	-14	1.3	59
1543083038000	2018-11-24 18:10:38 UTC	pdp	minor	53	53	2.4	58
1543086400000	2018-11-24 19:06:40 UTC	pdp	minor	61	61	1.7	60
1543086591000	2018-11-24 19:09:51 UTC	ts	audit	2311	2311	1.0	60
1543086728000	2018-11-24 19:12:08 UTC	pdp	audit	-1787	-1787	1.5	60
1543164453000	2018-11-25 16:47:33 UTC	pdp	minor	52	52	1.7	60
1543168673000	2018-11-25 17:57:53 UTC	ts	minor	79	79	1.4	60
1543173206000	2018-11-25 19:13:26 UTC	pdp	audit	-1960	-1960	3.6	60
1543173229000	2018-11-25 19:13:49 UTC	ts	audit	6357	6357	1.3	60
1543175852000	2018-11-25 19:57:32 UTC	pdp	minor	80	80	2.6	60
1543187693000	2018-11-25 23:14:53 UTC	pdp	minor	92	92	3.7	60
1543198881000	2018-11-26 02:21:21 UTC	pdp	minor	62	62	2.2	60
1543201815000	2018-11-26 03:10:15 UTC	pdp	minor	106	195	1.9	60
1543201817000	2018-11-26 03:10:17 UTC	pdp	minor	89	195	2.0	59
1543203089000	2018-11-26 03:31:29 UTC	ts	minor	-74	-15	1.7	60
1543203102000	2018-11-26 03:31:42 UTC	ts	minor	59	-15	2.1	59
1543204146000	2018-11-26 03:49:06 UTC	pdp	minor	63	63	2.8	60
1543205521000	2018-11-26 04:12:01 UTC	pdp	minor	82	82	1.8	60
1543206163000	2018-11-26 04:22:43 UTC	pdp	minor	79	79	2.6	60
1543206284000	2018-11-26 04:24:44 UTC	pdp	minor	76	76	2.2	60
1543209636000	2018-11-26 05:20:36 UTC	ts	minor	86	86	1.3	60
1543218716000	2018-11-26 07:51:56 UTC	pdp	minor	55	55	1.5	60
1543218788000	2018-11-26 07:53:08 UTC	pdp	minor	-139	25	1.4	60
1543218800000	2018-11-26 07:53:20 UTC	pdp	minor	164	25	1.5	59
1543221077000	2018-11-26 08:31:17 UTC	ts	audit	3021	3021	1.7	60
1543221460000	2018-11-26 08:37:40 UTC	pdp	audit	7980	7980	1.8	60
1543237920000	2018-11-26 13:12:00 UTC	pdp	minor	82	82	1.7	60
1543243528000	2018-11-26 14:45:28 UTC	ts	minor	70	70	2.0	60
1543245638000	2018-11-26 15:20:38 UTC	ts	minor	54	54	1.2	60
1543256613000	2018-11-26 18:23:33 UTC	pdp	minor	68	68	2.3	60
1543259702000	2018-11-26 19:15:02 UTC	ts	audit	1993	1993	0.9	60
1543259948000	2018-11-26 19:19:08 UTC	pdp	audit	-4364	-4364	2.9	60
1543268657000	2018-11-26 21:44:17 UTC	pdp	minor	101	101	3.2	60
1543272789000	2018-11-26 22:53:09 UTC	pdp	minor	123	123	1.1	60
1543278093000	2018-11-27 00:21:33 UTC	pdp	minor	52	52	2.1	60
1543300944000	2018-11-27 06:42:24 UTC	ts	minor	56	56	1.8	60
1543301288000	2018-11-27 06:48:08 UTC	ts	minor	58	58	1.4	60
1543305126000	2018-11-27 07:52:06 UTC	pdp	minor	64	64	0.8	60
1543306531000	2018-11-27 08:15:31 UTC	ts	minor	53	53	1.6	60
1543310672000	2018-11-27 09:24:32 UTC	ts	minor	84	84	0.9	60
1543311957000	2018-11-27 09:45:57 UTC	ts	minor	57	57	1.2	60
1543314409000	2018-11-27 10:26:49 UTC	ts	minor	87	87	1.2	60
1543321406000	2018-11-27 12:23:26 UTC	ts	minor	80	80	1.2	60
1543328289000	2018-11-27 14:18:09 UTC	ts	minor	66	66	1.9	60
1543331026000	2018-11-27 15:03:46 UTC	ts	minor	60	60	2.2	60
1543331370000	2018-11-27 15:09:30 UTC	ts	minor	176	176	1.9	60
1543337005000	2018-11-27 16:43:25 UTC	pdp	minor	-89	44	2.9	60
1543337023000	2018-11-27 16:43:43 UTC	pdp	minor	133	44	2.8	59
1543337051000	2018-11-27 16:44:11 UTC	pdp	minor	-158	-22	2.9	58
1543337069000	2018-11-27 16:44:29 UTC	pdp	minor	136	-22	2.0	58
1543344654000	2018-11-27 18:50:54 UTC	pdp	audit	7917	8009	0.9	60
1543344655000	2018-11-27 18:50:55 UTC	pdp	audit	92	8009	0.9	59
1543344876000	2018-11-27 18:54:36 UTC	ts	audit	7795	7854	1.4	60
1543344877000	2018-11-27 18:54:37 UTC	ts	audit	59	7854	1.4	59
1543388023000	2018-11-28 06:53:43 UTC	pdp	minor	-65	-65	1.4	60
1543388051000	2018-11-28 06:54:11 UTC	pdp	minor	71	126	1.6	59
1543388081000	2018-11-28 06:54:41 UTC	pdp	minor	-64	126	1.1	58
1543388098000	2018-11-28 06:54:58 UTC	pdp	minor	119	126	0.3	58
1543397483000	2018-11-28 09:31:23 UTC	ts	minor	55	55	1.7	60
1543403073000	2018-11-28 11:04:33 UTC	ts	minor	113	193	-0.4	60
1543403074000	2018-11-28 11:04:34 UTC	ts	minor	80	193	-0.4	59
1543411925000	2018-11-28 13:32:05 UTC	ts	minor	54	54	2.5	60
1543418853000	2018-11-28 15:27:33 UTC	ts	minor	83	83	1.4	60
1543422984000	2018-11-28 16:36:24 UTC	pdp	minor	62	62	1.1	60
1543432332000	2018-11-28 19:12:12 UTC	pdp	audit	-1457	-1457	1.8	60
1543433196000	2018-11-28 19:26:36 UTC	ts	audit	9265	9265	1.0	60
1543442768000	2018-11-28 22:06:08 UTC	ts	minor	82	180	0.3	60
1543442772000	2018-11-28 22:06:12 UTC	ts	minor	98	180	1.1	59
1543445589000	2018-11-28 22:53:09 UTC	pdp	minor	55	55	1.7	60
1543447271000	2018-11-28 23:21:11 UTC	pdp	minor	121	121	1.6	60
1543447635000	2018-11-28 23:27:15 UTC	pdp	minor	54	54	2.4	60
1543469339000	2018-11-29 05:28:59 UTC	ts	minor	51	51	2.5	60
1543474498000	2018-11-29 06:54:58 UTC	pdp	minor	65	65	0.8	60
1543502734000	2018-11-29 14:45:34 UTC	ts	minor	91	91	3.3	60
1543504170000	2018-11-29 15:09:30 UTC	ts	minor	111	111	3.0	60
1543505253000	2018-11-29 15:27:33 UTC	ts	minor	61	61	2.5	60
1543505639000	2018-11-29 15:33:59 UTC	ts	minor	564	564	4.1	60
1543509065000	2018-11-29 16:31:05 UTC	ts	minor	99	99	2.5	60
1543510735000	2018-11-29 16:58:55 UTC	ts	minor	-167	-167	5.9	60
1543518233000	2018-11-29 19:03:53 UTC	pdp	minor	-558	-558	0.9	60
1543518719000	2018-11-29 19:11:59 UTC	ts	audit	6096	6096	1.6	60
1543542036000	2018-11-30 01:40:36 UTC	ts	minor	59	59	0.5	60
1543548043000	2018-11-30 03:20:43 UTC	ts	minor	75	75	0.8	60
1543575827000	2018-11-30 11:03:47 UTC	pdp	minor	57	57	0.5	60
1543575874000	2018-11-30 11:04:34 UTC	pdp	minor	65	65	-0.7	59
1543595650000	2018-11-30 16:34:10 UTC	ts	minor	60	60	2.5	60
1543596559000	2018-11-30 16:49:19 UTC	ts	minor	62	62	2.5	60
1543597297000	2018-11-30 17:01:37 UTC	pdp	minor	57	57	0.5	60
1543597768000	2018-11-30 17:09:28 UTC	ts	minor	76	76	3.2	60
1543606826000	2018-11-30 19:40:26 UTC	ts	audit	11413	11413	1.3	60
1543606943000	2018-11-30 19:42:23 UTC	pdp	audit	-613	-613	1.9	60
1543615572000	2018-11-30 22:06:12 UTC	ts	minor	71	71	2.5	60
1543632592000	2018-12-01 02:49:52 UTC	pdp	minor	59	59	1.0	60
1543632795000	2018-12-01 02:53:15 UTC	ts	minor	51	51	1.9	60
1543634972000	2018-12-01 03:29:32 UTC	ts	minor	52	52	1.4	60
1543639051000	2018-12-01 04:37:31 UTC	ts	minor	54	54	1.9	60
1543640646000	2018-12-01 05:04:06 UTC	ts	minor	55	55	1.6	60
1543641261000	2018-12-01 05:14:21 UTC	pdp	minor	182	182	1.0	60
1543646544000	2018-12-01 06:42:24 UTC	ts	minor	78	78	2.0	60
1543651157000	2018-12-01 07:59:17 UTC	ts	minor	83	83	2.1	60
1543651986000	2018-12-01 08:13:06 UTC	ts	minor	65	65	2.3	60
1543652127000	2018-12-01 08:15:27 UTC	ts	minor	90	90	1.4	60
1543653029000	2018-12-01 08:30:29 UTC	pdp	minor	52	52	1.0	60
1543653049000	2018-12-01 08:30:49 UTC	ts	minor	84	84	1.5	60
1543653087000	2018-12-01 08:31:27 UTC	pdp	minor	-60	-60	1.2	59
1543653123000	2018-12-01 08:32:03 UTC	pdp	minor	-107	13	3.1	59
1543653139000	2018-12-01 08:32:19 UTC	pdp	minor	120	13	2.6	58
1543653621000	2018-12-01 08:40:21 UTC	ts	minor	52	52	2.0	60
1543659947000	2018-12-01 10:25:47 UTC	ts	minor	53	53	2.5	60
1543660730000	2018-12-01 10:38:50 UTC	pdp	minor	58	58	0.9	60
1543661200000	2018-12-01 10:46:40 UTC	ts	minor	62	62	2.3	60
1543663304000	2018-12-01 11:21:44 UTC	ts	minor	75	75	1.0	60
1543667094000	2018-12-01 12:24:54 UTC	ts	minor	100	100	1.5	60
1543667988000	2018-12-01 12:39:48 UTC	ts	minor	89	89	2.7	60
1543670403000	2018-12-01 13:20:03 UTC	ts	minor	88	88	2.4	60
1543672555000	2018-12-01 13:55:55 UTC	ts	minor	59	59	2.9	60
1543673125000	2018-12-01 14:05:25 UTC	pdp	minor	89	89	0.3	60
1543674214000	2018-12-01 14:23:34 UTC	ts	minor	103	103	3.3	60
1543679093000	2018-12-01 15:44:53 UTC	ts	minor	66	66	2.9	60
1543681893000	2018-12-01 16:31:33 UTC	ts	minor	67	67	2.8	60
1543682050000	2018-12-01 16:34:10 UTC	ts	minor	91	158	2.0	60
1543682066000	2018-12-01 16:34:26 UTC	ts	minor	67	158	1.7	59
1543692102000	2018-12-01 19:21:42 UTC	ts	audit	11477	11477	1.4	60
1543692207000	2018-12-01 19:23:27 UTC	pdp	audit	-2806	-2806	0.7	60
1543694197000	2018-12-01 19:56:37 UTC	pdp	minor	78	78	2.2	60
1543698110000	2018-12-01 21:01:50 UTC	pdp	minor	126	126	2.9	60
1543699757000	2018-12-01 21:29:17 UTC	pdp	minor	78	78	1.7	60
1543700425000	2018-12-01 21:40:25 UTC	pdp	minor	90	90	2.2	60
1543703778000	2018-12-01 22:36:18 UTC	pdp	minor	102	102	4.2	60
1543710228000	2018-12-02 00:23:48 UTC	pdp	minor	117	117	0.9	60
1543715217000	2018-12-02 01:46:57 UTC	pdp	minor	91	91	1.6	60
1543718052000	2018-12-02 02:34:12 UTC	pdp	minor	-57	40	2.7	60
1543718077000	2018-12-02 02:34:37 UTC	pdp	minor	97	40	1.9	59
1543733349000	2018-12-02 06:49:09 UTC	ts	minor	61	61	2.6	60
1543734819000	2018-12-02 07:13:39 UTC	ts	minor	65	65	1.8	60
1543735996000	2018-12-02 07:33:16 UTC	ts	minor	87	87	2.5	60
1543736609000	2018-12-02 07:43:29 UTC	ts	minor	57	57	2.5	60
1543738402000	2018-12-02 08:13:22 UTC	ts	minor	154	154	0.8	60
1543739243000	2018-12-02 08:27:23 UTC	ts	minor	70	70	2.9	60
1543739529000	2018-12-02 08:32:09 UTC	ts	minor	85	85	2.7	60
1543740847000	2018-12-02 08:54:07 UTC	ts	minor	81	81	3.2	60
1543741417000	2018-12-02 09:03:37 UTC	ts	minor	99	99	2.5	60
1543742737000	2018-12-02 09:25:37 UTC	ts	minor	64	64	2.9	60
1543742911000	2018-12-02 09:28:31 UTC	ts	minor	74	74	2.8	60
1543743209000	2018-12-02 09:33:29 UTC	ts	minor	97	97	2.4	60
1543743760000	2018-12-02 09:42:40 UTC	ts	minor	110	110	2.3	60
1543750359000	2018-12-02 11:32:39 UTC	ts	minor	53	53	2.3	60
1543751339000	2018-12-02 11:48:59 UTC	ts	minor	80	80	2.3	60
1543751753000	2018-12-02 11:55:53 UTC	ts	minor	76	76	2.9	60
1543754150000	2018-12-02 12:35:50 UTC	ts	minor	72	72	3.1	60
1543754268000	2018-12-02 12:37:48 UTC	ts	minor	69	69	2.8	60
1543756088000	2018-12-02 13:08:08 UTC	ts	minor	79	79	3.4	60
1543759603000	2018-12-02 14:06:43 UTC	ts	minor	82	82	3.9	60
1543760523000	2018-12-02 14:22:03 UTC	ts	minor	109	109	3.6	60
1543763401000	2018-12-02 15:10:01 UTC	ts	minor	85	85	3.2	60
1543775492000	2018-12-02 18:31:32 UTC	ts	minor	75	75	2.6	60
1543778749000	2018-12-02 19:25:49 UTC	ts	audit	22490	22490	2.1	60
1543780005000	2018-12-02 19:46:45 UTC	pdp	audit	-45824	-45824	14.3	60
1543784000000	2018-12-02 20:53:20 UTC	pdp	minor	310	-36	6.0	60
1543784026000	2018-12-02 20:53:46 UTC	pdp	minor	-346	-36	6.5	59
1543784065000	2018-12-02 20:54:25 UTC	pdp	minor	340	521	6.0	59
1543784066000	2018-12-02 20:54:26 UTC	pdp	minor	181	521	7.0	58
1543792880000	2018-12-02 23:21:20 UTC	pdp	minor	-110	-110	-4.0	60
1543806367000	2018-12-03 03:06:07 UTC	pdp	minor	161	288	6.0	60
1543806368000	2018-12-03 03:06:08 UTC	pdp	minor	127	288	6.1	59
1543808406000	2018-12-03 03:40:06 UTC	ts	minor	90	90	1.6	60
1543808535000	2018-12-03 03:42:15 UTC	ts	minor	65	65	2.1	60
1543812576000	2018-12-03 04:49:36 UTC	pdp	minor	108	108	4.5	60
1543813703000	2018-12-03 05:08:23 UTC	ts	minor	94	94	1.7	60
1543813893000	2018-12-03 05:11:33 UTC	ts	minor	96	96	1.9	60
1543814462000	2018-12-03 05:21:02 UTC	ts	minor	60	60	2.1	60
1543814601000	2018-12-03 05:23:21 UTC	pdp	minor	92	92	2.8	60
1543815438000	2018-12-03 05:37:18 UTC	ts	minor	117	117	2.9	60
1543815933000	2018-12-03 05:45:33 UTC	ts	minor	130	130	1.7	60
1543815971000	2018-12-03 05:46:11 UTC	pdp	minor	95	95	3.8	60
1543815974000	2018-12-03 05:46:14 UTC	ts	minor	-99	-99	3.8	59
1543816779000	2018-12-03 05:59:39 UTC	ts	minor	97	97	2.3	60
1543817375000	2018-12-03 06:09:35 UTC	ts	minor	90	90	1.9	60
1543817412000	2018-12-03 06:10:12 UTC	pdp	minor	87	174	3.2	60
1543817453000	2018-12-03 06:10:53 UTC	pdp	minor	87	174	2.5	59
1543818654000	2018-12-03 06:30:54 UTC	ts	minor	75	75	2.5	60
1543819373000	2018-12-03 06:42:53 UTC	pdp	minor	82	82	3.4	60
1543819589000	2018-12-03 06:46:29 UTC	ts	minor	59	59	2.8	60
1543820287000	2018-12-03 06:58:07 UTC	pdp	minor	80	80	3.1	60
1543820542000	2018-12-03 07:02:22 UTC	ts	minor	76	76	2.5	60
1543820818000	2018-12-03 07:06:58 UTC	pdp	minor	90	90	1.3	60
1543820965000	2018-12-03 07:09:25 UTC	ts	minor	107	107	0.4	60
1543823131000	2018-12-03 07:45:31 UTC	ts	minor	109	109	2.1	60
1543823652000	2018-12-03 07:54:12 UTC	ts	minor	72	72	1.9	60
1543823717000	2018-12-03 07:55:17 UTC	ts	minor	119	119	2.0	60
1543824196000	2018-12-03 08:03:16 UTC	pdp	minor	64	64	2.6	60
1543825334000	2018-12-03 08:22:14 UTC	ts	minor	74	74	2.8	60
1543826163000	2018-12-03 08:36:03 UTC	ts	minor	61	61	2.6	60
1543826598000	2018-12-03 08:43:18 UTC	pdp	minor	55	55	1.2	60
1543826714000	2018-12-03 08:45:14 UTC	pdp	minor	288	288	0.7	60
1543826784000	2018-12-03 08:46:24 UTC	ts	minor	64	64	2.8	60
1543832447000	2018-12-03 10:20:47 UTC	ts	minor	64	64	2.8	60
1543832450000	2018-12-03 10:20:50 UTC	pdp	minor	89	89	2.1	60
1543832487000	2018-12-03 10:21:27 UTC	ts	minor	90	90	0.9	59
1543833166000	2018-12-03 10:32:46 UTC	ts	minor	90	90	2.1	60
1543833250000	2018-12-03 10:34:10 UTC	ts	minor	106	106	1.8	60
1543833390000	2018-12-03 10:36:30 UTC	pdp	minor	74	74	2.4	60
1543833424000	2018-12-03 10:37:04 UTC	pdp	minor	-185	-28	3.8	59
1543833453000	2018-12-03 10:37:33 UTC	pdp	minor	157	-28	3.9	59
1543833716000	2018-12-03 10:41:56 UTC	ts	minor	88	88	2.9	60
1543835322000	2018-12-03 11:08:42 UTC	ts	minor	103	103	1.7	60
1543835703000	2018-12-03 11:15:03 UTC	ts	minor	56	56	2.0	60
1543836199000	2018-12-03 11:23:19 UTC	ts	minor	67	67	1.9	60
1543839094000	2018-12-03 12:11:34 UTC	ts	minor	93	93	3.1	60
1543839746000	2018-12-03 12:22:26 UTC	ts	minor	74	74	3.1	60
1543840003000	2018-12-03 12:26:43 UTC	ts	minor	71	71	3.3	60
1543840047000	2018-12-03 12:27:27 UTC	ts	minor	66	66	2.9	59
1543840050000	2018-12-03 12:27:30 UTC	pdp	minor	91	91	3.1	60
1543840306000	2018-12-03 12:31:46 UTC	ts	minor	91	91	3.5	60
1543841972000	2018-12-03 12:59:32 UTC	pdp	minor	96	96	3.5	60
1543845851000	2018-12-03 14:04:11 UTC	ts	minor	76	76	3.6	60
1543846779000	2018-12-03 14:19:39 UTC	ts	minor	94	94	3.7	60
1543847158000	2018-12-03 14:25:58 UTC	pdp	minor	109	109	3.7	60
1543847249000	2018-12-03 14:27:29 UTC	ts	minor	92	92	3.8	60
1543847360000	2018-12-03 14:29:20 UTC	ts	minor	87	156	3.4	60
1543847378000	2018-12-03 14:29:38 UTC	ts	minor	69	156	2.4	59
1543847550000	2018-12-03 14:32:30 UTC	ts	minor	100	100	3.1	60
1543847959000	2018-12-03 14:39:19 UTC	ts	minor	83	83	4.0	60
1543848046000	2018-12-03 14:40:46 UTC	ts	minor	90	90	3.8	60
1543848394000	2018-12-03 14:46:34 UTC	ts	minor	86	86	3.5	60
1543849030000	2018-12-03 14:57:10 UTC	ts	minor	77	247	2.8	60
1543849043000	2018-12-03 14:57:23 UTC	ts	minor	114	247	2.0	59
1543849059000	2018-12-03 14:57:39 UTC	ts	minor	56	247	0.8	58
1543849578000	2018-12-03 15:06:18 UTC	ts	minor	106	106	4.0	60
1543850059000	2018-12-03 15:14:19 UTC	ts	minor	76	76	3.5	60
1543850462000	2018-12-03 15:21:02 UTC	ts	minor	76	152	2.1	60
1543850490000	2018-12-03 15:21:30 UTC	ts	minor	76	152	0.7	59
1543850614000	2018-12-03 15:23:34 UTC	ts	minor	66	66	2.5	60
1543852634000	2018-12-03 15:57:14 UTC	ts	minor	84	182	3.6	60
1543852672000	2018-12-03 15:57:52 UTC	ts	minor	98	182	2.0	59
1543852898000	2018-12-03 16:01:38 UTC	ts	minor	86	86	3.6	60
1543853163000	2018-12-03 16:06:03 UTC	pdp	minor	105	222	4.0	60
1543853199000	2018-12-03 16:06:39 UTC	pdp	minor	117	222	2.9	59
1543853320000	2018-12-03 16:08:40 UTC	ts	minor	104	104	4.6	60
1543854363000	2018-12-03 16:26:03 UTC	ts	minor	79	79	3.1	60
1543854697000	2018-12-03 16:31:37 UTC	ts	minor	98	98	3.3	60
1543855236000	2018-12-03 16:40:36 UTC	pdp	minor	93	93	3.7	60
1543855291000	2018-12-03 16:41:31 UTC	ts	minor	86	86	3.5	60
1543855528000	2018-12-03 16:45:28 UTC	ts	minor	76	136	3.8	60
1543855551000	2018-12-03 16:45:51 UTC	ts	minor	60	136	2.2	59
1543855767000	2018-12-03 16:49:27 UTC	ts	minor	78	78	3.9	60
1543856033000	2018-12-03 16:53:53 UTC	ts	minor	79	79	3.6	60
1543856118000	2018-12-03 16:55:18 UTC	pdp	minor	110	110	4.2	60
1543856147000	2018-12-03 16:55:47 UTC	ts	minor	90	90	3.4	60
1543856189000	2018-12-03 16:56:29 UTC	ts	minor	53	53	1.5	59
1543856782000	2018-12-03 17:06:22 UTC	pdp	minor	113	113	4.0	60
1543857197000	2018-12-03 17:13:17 UTC	ts	minor	65	65	2.0	60
1543857360000	2018-12-03 17:16:00 UTC	ts	minor	78	78	1.9	60
1543857930000	2018-12-03 17:25:30 UTC	ts	minor	101	101	3.5	60
1543859608000	2018-12-03 17:53:28 UTC	pdp	minor	101	101	4.3	60
1543860373000	2018-12-03 18:06:13 UTC	ts	minor	149	216	3.2	60
1543860389000	2018-12-03 18:06:29 UTC	ts	minor	67	216	3.3	59
1543860797000	2018-12-03 18:13:17 UTC	ts	minor	77	77	2.6	60
1543861765000	2018-12-03 18:29:25 UTC	ts	minor	70	70	2.8	60
1543862520000	2018-12-03 18:42:00 UTC	pdp	minor	118	118	5.6	60
1543863878000	2018-12-03 19:04:38 UTC	ts	minor	51	51	2.4	60
1543864289000	2018-12-03 19:11:29 UTC	ts	minor	109	109	0.7	60
1543864386000	2018-12-03 19:13:06 UTC	ts	minor	87	87	1.7	60
1543864640000	2018-12-03 19:17:20 UTC	ts	minor	84	84	0.4	60
1543864682000	2018-12-03 19:18:02 UTC	ts	minor	201	-100	-2.2	59
1543864730000	2018-12-03 19:18:50 UTC	ts	minor	-301	-100	-0.6	59
1543864741000	2018-12-03 19:19:01 UTC	ts	minor	209	283	0.2	58
1543864754000	2018-12-03 19:19:14 UTC	ts	minor	74	283	1.3	58
1543865840000	2018-12-03 19:37:20 UTC	ts	minor	73	73	1.4	60
1543866126000	2018-12-03 19:42:06 UTC	ts	minor	98	98	1.1	60
1543866493000	2018-12-03 19:48:13 UTC	ts	audit	23872	23872	2.3	60
1543867589000	2018-12-03 20:06:29 UTC	pdp	audit	65348	65546	7.0	60
1543867590000	2018-12-03 20:06:30 UTC	pdp	audit	198	65546	7.1	59
1543868248000	2018-12-03 20:17:28 UTC	pdp	minor	103	103	4.8	60
1543873166000	2018-12-03 21:39:26 UTC	pdp	minor	183	183	5.6	60
1543874640000	2018-12-03 22:04:00 UTC	pdp	minor	96	96	4.5	60
1543876453000	2018-12-03 22:34:13 UTC	ts	minor	63	63	0.3	60
1543888694000	2018-12-04 01:58:14 UTC	pdp	minor	231	231	1.2	60
1543890125000	2018-12-04 02:22:05 UTC	ts	minor	96	96	3.3	60
1543893143000	2018-12-04 03:12:23 UTC	ts	minor	64	64	1.9	60
1543911499000	2018-12-04 08:18:19 UTC	pdp	minor	56	186	2.1	60
1543911500000	2018-12-04 08:18:20 UTC	pdp	minor	130	186	2.1	59
1543914079000	2018-12-04 09:01:19 UTC	ts	minor	93	93	2.8	60
1543915556000	2018-12-04 09:25:56 UTC	ts	minor	84	84	2.7	60
1543916005000	2018-12-04 09:33:25 UTC	ts	minor	96	96	2.5	60
1543916110000	2018-12-04 09:35:10 UTC	ts	minor	75	75	2.4	60
1543916618000	2018-12-04 09:43:38 UTC	ts	minor	100	100	2.1	60
1543916871000	2018-12-04 09:47:51 UTC	ts	minor	94	94	3.0	60
1543917971000	2018-12-04 10:06:11 UTC	ts	minor	96	96	1.5	60
1543918023000	2018-12-04 10:07:03 UTC	ts	minor	66	66	1.5	59
1543918499000	2018-12-04 10:14:59 UTC	ts	minor	66	66	2.8	60
1543919505000	2018-12-04 10:31:45 UTC	ts	minor	110	110	2.1	60
1543920440000	2018-12-04 10:47:20 UTC	ts	minor	83	83	2.5	60
1543920557000	2018-12-04 10:49:17 UTC	ts	minor	65	65	3.2	60
1543920913000	2018-12-04 10:55:13 UTC	ts	minor	76	76	2.6	60
1543921826000	2018-12-04 11:10:26 UTC	ts	minor	56	56	-0.6	60
1543921959000	2018-12-04 11:12:39 UTC	pdp	minor	94	94	0.4	60
1543922435000	2018-12-04 11:20:35 UTC	ts	minor	93	93	2.6	60
1543923001000	2018-12-04 11:30:01 UTC	ts	minor	69	69	3.0	60
1543923159000	2018-12-04 11:32:39 UTC	pdp	minor	87	87	0.9	60
1543923201000	2018-12-04 11:33:21 UTC	ts	minor	97	97	2.7	60
1543923259000	2018-12-04 11:34:19 UTC	pdp	minor	-81	-277	1.7	60
1543923268000	2018-12-04 11:34:28 UTC	ts	minor	-92	-228	1.0	60
1543923269000	2018-12-04 11:34:29 UTC	pdp	minor	-84	-277	0.3	59
1543923274000	2018-12-04 11:34:34 UTC	ts	minor	-85	-228	-0.1	59
1543923280000	2018-12-04 11:34:40 UTC	pdp	minor	-112	-277	-1.2	58
1543923285000	2018-12-04 11:34:45 UTC	ts	minor	-51	-228	-1.7	58
1543924083000	2018-12-04 11:48:03 UTC	pdp	minor	301	-89	1.3	60
1543924139000	2018-12-04 11:48:59 UTC	pdp	minor	-390	-89	2.9	59
1543924154000	2018-12-04 11:49:14 UTC	pdp	minor	422	422	2.6	59
1543926886000	2018-12-04 12:34:46 UTC	pdp	minor	61	61	2.2	60
1543930877000	2018-12-04 13:41:17 UTC	pdp	minor	72	72	2.9	60
1543931746000	2018-12-04 13:55:46 UTC	ts	minor	109	544	5.0	60
1543931747000	2018-12-04 13:55:47 UTC	ts	minor	109	544	5.0	59
1543931748000	2018-12-04 13:55:48 UTC	ts	minor	108	544	5.0	58
1543931749000	2018-12-04 13:55:49 UTC	ts	minor	109	544	4.9	57
1543931750000	2018-12-04 13:55:50 UTC	pdp	minor	497	497	4.3	60
1543931750000	2018-12-04 13:55:50 UTC	ts	minor	109	544	5.0	56
1543934241000	2018-12-04 14:37:21 UTC	pdp	minor	243	243	2.4	60
1543935171000	2018-12-04 14:52:51 UTC	ts	minor	91	91	4.0	60
1543935767000	2018-12-04 15:02:47 UTC	ts	minor	140	140	3.7	60
1543935795000	2018-12-04 15:03:15 UTC	ts	minor	70	70	3.1	59
1543936489000	2018-12-04 15:14:49 UTC	pdp	minor	68	68	1.0	60
1543936530000	2018-12-04 15:15:30 UTC	pdp	minor	62	62	0.1	59
1543947587000	2018-12-04 18:19:47 UTC	pdp	minor	75	75	3.0	60
1543947587000	2018-12-04 18:19:47 UTC	ts	minor	102	102	3.2	60
1543949204000	2018-12-04 18:46:44 UTC	pdp	minor	85	85	2.0	60
1543951096000	2018-12-04 19:18:16 UTC	pdp	audit	27288	27288	1.1	60
1543951430000	2018-12-04 19:23:50 UTC	ts	audit	28349	28349	1.3	60
1543953438000	2018-12-04 19:57:18 UTC	pdp	minor	115	115	3.3	60
1543959069000	2018-12-04 21:31:09 UTC	ts	minor	-53	-53	1.3	60
1543961638000	2018-12-04 22:13:58 UTC	pdp	minor	79	79	2.8	60
1543977325000	2018-12-05 02:35:25 UTC	pdp	minor	-281	30	2.9	60
1543977337000	2018-12-05 02:35:37 UTC	pdp	minor	311	30	2.4	59
1543977416000	2018-12-05 02:36:56 UTC	pdp	minor	71	71	1.5	60
1543987078000	2018-12-05 05:17:58 UTC	ts	minor	56	56	1.9	60
1543987606000	2018-12-05 05:26:46 UTC	pdp	minor	94	94	2.0	60
1543987606000	2018-12-05 05:26:46 UTC	ts	minor	96	96	2.8	60
1543988692000	2018-12-05 05:44:52 UTC	ts	minor	77	77	1.7	60
1543990210000	2018-12-05 06:10:10 UTC	ts	minor	59	59	2.5	60
1543991201000	2018-12-05 06:26:41 UTC	ts	minor	91	91	1.6	60
1543993456000	2018-12-05 07:04:16 UTC	pdp	minor	56	56	1.2	60
1543993456000	2018-12-05 07:04:16 UTC	ts	minor	87	87	2.9	60
1543994067000	2018-12-05 07:14:27 UTC	ts	minor	62	62	1.5	60
1544000304000	2018-12-05 08:58:24 UTC	ts	minor	94	94	2.6	60
1544002065000	2018-12-05 09:27:45 UTC	ts	minor	81	81	1.9	60
1544004706000	2018-12-05 10:11:46 UTC	ts	minor	57	57	2.6	60
1544007729000	2018-12-05 11:02:09 UTC	ts	minor	74	74	2.5	60
1544007997000	2018-12-05 11:06:37 UTC	pdp	minor	52	52	1.9	60
1544007997000	2018-12-05 11:06:37 UTC	ts	minor	85	85	3.4	60
1544010029000	2018-12-05 11:40:29 UTC	ts	minor	68	68	1.7	60
1544011648000	2018-12-05 12:07:28 UTC	pdp	minor	60	60	1.2	60
1544017158000	2018-12-05 13:39:18 UTC	ts	minor	75	75	3.2	60
1544017327000	2018-12-05 13:42:07 UTC	pdp	minor	66	66	1.8	60
1544019987000	2018-12-05 14:26:27 UTC	ts	minor	75	75	2.4	60
1544020919000	2018-12-05 14:41:59 UTC	pdp	minor	58	58	1.5	60
1544021313000	2018-12-05 14:48:33 UTC	pdp	minor	90	90	1.9	60
1544024110000	2018-12-05 15:35:10 UTC	ts	minor	91	91	3.2	60
1544024810000	2018-12-05 15:46:50 UTC	ts	minor	73	73	2.9	60
1544025464000	2018-12-05 15:57:44 UTC	ts	minor	81	81	3.5	60
1544027806000	2018-12-05 16:36:46 UTC	ts	minor	91	91	2.5	60
1544028005000	2018-12-05 16:40:05 UTC	pdp	minor	55	55	1.9	60
1544028059000	2018-12-05 16:40:59 UTC	ts	minor	85	85	3.3	60
1544029169000	2018-12-05 16:59:29 UTC	ts	minor	82	82	3.1	60
1544029734000	2018-12-05 17:08:54 UTC	ts	minor	67	67	3.2	60
1544030570000	2018-12-05 17:22:50 UTC	ts	minor	-92	-92	3.5	60
1544030582000	2018-12-05 17:23:02 UTC	ts	minor	69	-5	3.0	59
1544030600000	2018-12-05 17:23:20 UTC	ts	minor	-185	-5	4.0	58
1544030619000	2018-12-05 17:23:39 UTC	ts	minor	111	-5	4.4	57
1544030656000	2018-12-05 17:24:16 UTC	ts	minor	-335	78	4.7	58
1544030661000	2018-12-05 17:24:21 UTC	ts	minor	266	78	3.5	58
1544030671000	2018-12-05 17:24:31 UTC	ts	minor	156	78	4.1	57
1544030681000	2018-12-05 17:24:41 UTC	ts	minor	76	78	0.7	57
1544030688000	2018-12-05 17:24:48 UTC	ts	minor	-85	78	0.5	56
1544030722000	2018-12-05 17:25:22 UTC	ts	minor	-76	-76	3.4	57
1544031154000	2018-12-05 17:32:34 UTC	ts	minor	83	83	3.1	60
1544038581000	2018-12-05 19:36:21 UTC	pdp	minor	94	94	1.4	60
1544041559000	2018-12-05 20:25:59 UTC	ts	audit	24767	24767	1.2	60
1544042372000	2018-12-05 20:39:32 UTC	pdp	audit	732	732	4.1	60
1544046430000	2018-12-05 21:47:10 UTC	pdp	minor	261	261	3.7	60
1544046430000	2018-12-05 21:47:10 UTC	ts	minor	55	55	1.1	60
1544064894000	2018-12-06 02:54:54 UTC	pdp	minor	67	67	2.0	60
1544065316000	2018-12-06 03:01:56 UTC	pdp	minor	103	103	4.1	60
1544069883000	2018-12-06 04:18:03 UTC	pdp	minor	64	64	2.0	60
1544074541000	2018-12-06 05:35:41 UTC	pdp	minor	102	102	2.3	60
1544074541000	2018-12-06 05:35:41 UTC	ts	minor	97	97	1.9	60
1544075947000	2018-12-06 05:59:07 UTC	ts	minor	56	56	2.5	60
1544085436000	2018-12-06 08:37:16 UTC	ts	minor	82	82	2.2	60
1544088418000	2018-12-06 09:26:58 UTC	ts	minor	66	66	2.7	60
1544102779000	2018-12-06 13:26:19 UTC	ts	minor	504	8	3.8	60
1544102800000	2018-12-06 13:26:40 UTC	ts	minor	-496	8	3.9	59
1544124698000	2018-12-06 19:31:38 UTC	pdp	minor	91	91	3.2	60
1544145840000	2018-12-07 01:24:00 UTC	pdp	minor	55	55	2.5	60
1544147549000	2018-12-07 01:52:29 UTC	pdp	minor	79	79	3.4	60
1544147664000	2018-12-07 01:54:24 UTC	pdp	minor	82	82	3.4	60
1544151935000	2018-12-07 03:05:35 UTC	pdp	minor	79	79	3.2	60
1544153657000	2018-12-07 03:34:17 UTC	ts	minor	53	53	2.2	60
1544156282000	2018-12-07 04:18:02 UTC	pdp	minor	88	88	2.8	60
1544160543000	2018-12-07 05:29:03 UTC	ts	minor	53	53	1.8	60
1544163215000	2018-12-07 06:13:35 UTC	pdp	minor	71	71	2.1	60
1544163315000	2018-12-07 06:15:15 UTC	pdp	minor	80	80	1.5	60
1544165110000	2018-12-07 06:45:10 UTC	pdp	minor	64	115	2.1	60
1544165147000	2018-12-07 06:45:47 UTC	pdp	minor	51	115	1.1	59
1544170469000	2018-12-07 08:14:29 UTC	ts	minor	94	94	2.0	60
1544170885000	2018-12-07 08:21:25 UTC	pdp	minor	63	63	1.3	60
1544175081000	2018-12-07 09:31:21 UTC	ts	minor	60	60	2.4	60
1544180527000	2018-12-07 11:02:07 UTC	ts	minor	92	92	1.8	60
1544182037000	2018-12-07 11:27:17 UTC	ts	minor	98	98	1.3	60
1544182101000	2018-12-07 11:28:21 UTC	pdp	minor	52	52	1.9	60
1544192810000	2018-12-07 14:26:50 UTC	pdp	minor	62	62	2.9	60
1544194052000	2018-12-07 14:47:32 UTC	pdp	minor	106	106	3.8	60
1544194052000	2018-12-07 14:47:32 UTC	ts	minor	99	99	3.3	60
1544194856000	2018-12-07 15:00:56 UTC	pdp	minor	158	158	3.2	60
1544195037000	2018-12-07 15:03:57 UTC	ts	audit	22746	22746	3.4	60
1544195097000	2018-12-07 15:04:57 UTC	pdp	minor	78	78	3.8	60
1544195098000	2018-12-07 15:04:58 UTC	ts	minor	80	80	4.0	60
1544195270000	2018-12-07 15:07:50 UTC	pdp	audit	10669	10736	2.8	60
1544195273000	2018-12-07 15:07:53 UTC	pdp	audit	67	10736	2.8	59
1544200672000	2018-12-07 16:37:52 UTC	pdp	minor	99	99	2.5	60
1544201832000	2018-12-07 16:57:12 UTC	ts	minor	62	62	2.3	60
1544204507000	2018-12-07 17:41:47 UTC	pdp	minor	71	71	2.6	60
1544204647000	2018-12-07 17:44:07 UTC	pdp	minor	54	54	2.6	60
1544205286000	2018-12-07 17:54:46 UTC	pdp	minor	91	91	2.1	60
1544207096000	2018-12-07 18:24:56 UTC	pdp	audit	600	600	2.8	60
1544212523000	2018-12-07 19:55:23 UTC	pdp	audit	-821	-821	3.6	60
1544212533000	2018-12-07 19:55:33 UTC	ts	audit	4131	4131	1.5	60
1544229193000	2018-12-08 00:33:13 UTC	pdp	minor	91	91	1.8	60
1544229976000	2018-12-08 00:46:16 UTC	pdp	minor	70	70	2.3	60
1544230224000	2018-12-08 00:50:24 UTC	pdp	minor	-67	-67	2.8	60
1544236966000	2018-12-08 02:42:46 UTC	pdp	minor	74	74	2.2	60
1544246459000	2018-12-08 05:20:59 UTC	pdp	minor	82	82	1.3	60
1544262562000	2018-12-08 09:49:22 UTC	pdp	minor	74	74	1.2	60
1544264602000	2018-12-08 10:23:22 UTC	pdp	minor	72	72	1.8	60
1544264755000	2018-12-08 10:25:55 UTC	pdp	minor	54	54	2.3	60
1544267206000	2018-12-08 11:06:46 UTC	pdp	minor	66	66	0.1	60
1544269032000	2018-12-08 11:37:12 UTC	pdp	minor	-66	-129	2.9	60
1544269070000	2018-12-08 11:37:50 UTC	pdp	minor	-63	-129	-2.9	59
1544270062000	2018-12-08 11:54:22 UTC	ts	minor	54	54	2.1	60
1544271044000	2018-12-08 12:10:44 UTC	pdp	minor	64	64	1.9	60
1544271739000	2018-12-08 12:22:19 UTC	pdp	minor	62	62	1.3	60
1544296486000	2018-12-08 19:14:46 UTC	pdp	minor	75	75	1.8	60
1544296563000	2018-12-08 19:16:03 UTC	ts	audit	11240	11240	0.9	60
1544296745000	2018-12-08 19:19:05 UTC	pdp	audit	2978	3113	2.9	60
1544296752000	2018-12-08 19:19:12 UTC	pdp	audit	56	3113	2.5	59
1544296758000	2018-12-08 19:19:18 UTC	pdp	audit	-54	3113	2.7	58
1544296766000	2018-12-08 19:19:26 UTC	pdp	audit	-53	3113	2.5	57
1544296767000	2018-12-08 19:19:27 UTC	pdp	audit	58	3113	2.6	56
1544296771000	2018-12-08 19:19:31 UTC	pdp	audit	51	3113	2.0	55
1544296777000	2018-12-08 19:19:37 UTC	pdp	audit	67	3113	2.1	54
1544296786000	2018-12-08 19:19:46 UTC	pdp	audit	74	3113	2.3	53
1544296787000	2018-12-08 19:19:47 UTC	pdp	audit	-64	3113	2.4	52
1544305827000	2018-12-08 21:50:27 UTC	pdp	minor	92	92	2.2	60
1544332560000	2018-12-09 05:16:00 UTC	pdp	minor	64	64	1.9	60
1544343897000	2018-12-09 08:24:57 UTC	ts	minor	52	52	2.2	60
1544359039000	2018-12-09 12:37:19 UTC	ts	minor	58	58	2.1	60
1544361660000	2018-12-09 13:21:00 UTC	ts	minor	77	77	1.6	60
1544361708000	2018-12-09 13:21:48 UTC	pdp	minor	85	85	1.8	60
1544363533000	2018-12-09 13:52:13 UTC	ts	minor	90	90	1.7	60
1544367994000	2018-12-09 15:06:34 UTC	ts	minor	89	89	1.7	60
1544374540000	2018-12-09 16:55:40 UTC	pdp	minor	93	93	2.0	60
1544374592000	2018-12-09 16:56:32 UTC	pdp	minor	57	57	1.5	59
1544378630000	2018-12-09 18:03:50 UTC	pdp	minor	101	101	1.7	60
1544384298000	2018-12-09 19:38:18 UTC	ts	audit	7585	7585	1.4	60
1544384365000	2018-12-09 19:39:25 UTC	pdp	audit	3091	3091	4.2	60
1544390112000	2018-12-09 21:15:12 UTC	pdp	minor	99	99	3.1	60
1544401056000	2018-12-10 00:17:36 UTC	pdp	minor	92	92	3.1	60
1544423600000	2018-12-10 06:33:20 UTC	pdp	minor	93	93	2.5	60
1544441339000	2018-12-10 11:28:59 UTC	pdp	minor	-58	-58	-1.7	60
1544461094000	2018-12-10 16:58:14 UTC	pdp	minor	91	91	3.6	60
1544465030000	2018-12-10 18:03:50 UTC	pdp	minor	71	71	3.5	60
1544468808000	2018-12-10 19:06:48 UTC	pdp	audit	9488	9488	3.7	60
1544470416000	2018-12-10 19:33:36 UTC	ts	audit	7541	7541	1.4	60
1544470955000	2018-12-10 19:42:35 UTC	pdp	minor	93	93	4.1	60
1544473605000	2018-12-10 20:26:45 UTC	pdp	minor	72	72	3.6	60
1544474661000	2018-12-10 20:44:21 UTC	pdp	minor	64	64	2.8	60
1544476938000	2018-12-10 21:22:18 UTC	pdp	minor	61	61	2.3	60
1544479307000	2018-12-10 22:01:47 UTC	pdp	minor	197	197	6.5	60
1544486211000	2018-12-10 23:56:51 UTC	pdp	minor	134	134	4.5	60
1544496673000	2018-12-11 02:51:13 UTC	pdp	minor	64	64	2.8	60
1544521952000	2018-12-11 09:52:32 UTC	pdp	minor	59	59	2.3	60
1544527847000	2018-12-11 11:30:47 UTC	pdp	minor	-84	-84	0.3	60
1544554277000	2018-12-11 18:51:17 UTC	pdp	minor	66	66	2.5	60
1544554364000	2018-12-11 18:52:44 UTC	pdp	minor	96	96	2.3	60
1544556175000	2018-12-11 19:22:55 UTC	pdp	minor	64	64	1.9	60
1544556734000	2018-12-11 19:32:14 UTC	pdp	minor	107	107	4.0	60
1544556999000	2018-12-11 19:36:39 UTC	ts	audit	4081	4081	0.9	60
1544557240000	2018-12-11 19:40:40 UTC	pdp	audit	1168	1317	3.2	60
1544557241000	2018-12-11 19:40:41 UTC	pdp	audit	149	1317	3.1	59
1544558829000	2018-12-11 20:07:09 UTC	pdp	minor	127	127	4.1	60
1544559254000	2018-12-11 20:14:14 UTC	pdp	minor	64	64	2.7	60
1544563282000	2018-12-11 21:21:22 UTC	pdp	minor	63	63	2.8	60
1544565822000	2018-12-11 22:03:42 UTC	pdp	minor	71	71	2.6	60
1544567316000	2018-12-11 22:28:36 UTC	pdp	minor	73	73	2.6	60
1544571710000	2018-12-11 23:41:50 UTC	pdp	minor	57	57	2.0	60
1544572813000	2018-12-12 00:00:13 UTC	pdp	minor	82	82	1.5	60
1544575467000	2018-12-12 00:44:27 UTC	pdp	minor	89	89	1.7	60
1544607200000	2018-12-12 09:33:20 UTC	ts	minor	73	73	1.5	60
1544614413000	2018-12-12 11:33:33 UTC	pdp	audit	-1272	-1272	2.4	60
1544614424000	2018-12-12 11:33:44 UTC	ts	minor	-536	-536	2.8	60
1544616905000	2018-12-12 12:15:05 UTC	ts	minor	67	67	1.4	60
1544622811000	2018-12-12 13:53:31 UTC	pdp	minor	57	57	1.9	60
1544623392000	2018-12-12 14:03:12 UTC	ts	minor	70	70	1.8	60
1544631623000	2018-12-12 16:20:23 UTC	ts	minor	91	91	1.8	60
1544631837000	2018-12-12 16:23:57 UTC	ts	minor	82	82	2.3	60
1544643636000	2018-12-12 19:40:36 UTC	pdp	minor	62	62	1.6	60
1544644600000	2018-12-12 19:56:40 UTC	pdp	minor	68	68	2.0	60
1544645658000	2018-12-12 20:14:18 UTC	pdp	minor	74	74	1.7	60
1544655774000	2018-12-12 23:02:54 UTC	ts	minor	-300	-300	5.0	60
1544661524000	2018-12-13 00:38:44 UTC	pdp	minor	98	98	1.1	60
1544663691000	2018-12-13 01:14:51 UTC	ts	minor	58	58	0.1	60
1544664964000	2018-12-13 01:36:04 UTC	ts	minor	60	60	0.4	60
1544672165000	2018-12-13 03:36:05 UTC	ts	minor	295	295	1.9	60
1544679640000	2018-12-13 05:40:40 UTC	pdp	minor	70	70	0.9	60
1544699494000	2018-12-13 11:11:34 UTC	ts	minor	55	55	1.1	60
1544711956000	2018-12-13 14:39:16 UTC	pdp	minor	56	56	1.8	60
1544715611000	2018-12-13 15:40:11 UTC	ts	minor	58	58	1.9	60
1544716290000	2018-12-13 15:51:30 UTC	ts	minor	63	63	2.1	60
1544717290000	2018-12-13 16:08:10 UTC	ts	minor	52	52	2.2	60
1544719648000	2018-12-13 16:47:28 UTC	pdp	minor	52	52	1.3	60
1544732620000	2018-12-13 20:23:40 UTC	pdp	minor	75	75	2.8	60
1544743982000	2018-12-13 23:33:02 UTC	pdp	minor	56	56	2.7	60
1544748676000	2018-12-14 00:51:16 UTC	pdp	minor	74	74	2.1	60
1544749044000	2018-12-14 00:57:24 UTC	pdp	minor	54	54	2.2	60
1544749304000	2018-12-14 01:01:44 UTC	ts	minor	153	153	-1.6	60
1544749415000	2018-12-14 01:03:35 UTC	pdp	minor	-82	-82	3.4	60
1544749591000	2018-12-14 01:06:31 UTC	pdp	minor	82	82	1.6	60
1544755435000	2018-12-14 02:43:55 UTC	pdp	minor	61	61	1.8	60
1544762845000	2018-12-14 04:47:25 UTC	pdp	minor	59	59	1.6	60
1544793897000	2018-12-14 13:24:57 UTC	pdp	minor	69	69	1.2	60
1544794624000	2018-12-14 13:37:04 UTC	pdp	minor	85	85	1.1	60
1544795281000	2018-12-14 13:48:01 UTC	pdp	minor	53	154	0.9	60
1544795282000	2018-12-14 13:48:02 UTC	pdp	minor	63	154	0.7	59
1544795291000	2018-12-14 13:48:11 UTC	pdp	minor	-100	154	0.6	58
1544795332000	2018-12-14 13:48:52 UTC	pdp	minor	73	154	0.6	57
1544795333000	2018-12-14 13:48:53 UTC	pdp	minor	65	154	0.5	56
1544795798000	2018-12-14 13:56:38 UTC	pdp	minor	62	62	1.5	60
1544795880000	2018-12-14 13:58:00 UTC	pdp	minor	54	54	2.2	60
1544796284000	2018-12-14 14:04:44 UTC	pdp	minor	118	118	1.0	60
1544797434000	2018-12-14 14:23:54 UTC	pdp	minor	82	82	1.6	60
1544815790000	2018-12-14 19:29:50 UTC	ts	audit	-226636	-226636	1.2	60
1544816072000	2018-12-14 19:34:32 UTC	pdp	audit	-59432	-59432	2.3	60
1544819538000	2018-12-14 20:32:18 UTC	pdp	minor	57	57	1.9	60
1544838725000	2018-12-15 01:52:05 UTC	ts	minor	-59	-59	2.5	60
1544838842000	2018-12-15 01:54:02 UTC	pdp	minor	68	68	2.3	60
1544839260000	2018-12-15 02:01:00 UTC	ts	minor	51	51	1.8	60
1544839557000	2018-12-15 02:05:57 UTC	ts	minor	-62	-62	2.8	60
1544840951000	2018-12-15 02:29:11 UTC	ts	minor	78	-34	0.9	60
1544840952000	2018-12-15 02:29:12 UTC	ts	minor	-112	-34	0.9	59
1544841110000	2018-12-15 02:31:50 UTC	ts	minor	60	180	-0.1	60
1544841111000	2018-12-15 02:31:51 UTC	ts	minor	60	180	-0.2	59
1544841112000	2018-12-15 02:31:52 UTC	ts	minor	60	180	-0.3	58
1544841166000	2018-12-15 02:32:46 UTC	ts	minor	67	67	0.5	57
1544844221000	2018-12-15 03:23:41 UTC	ts	minor	95	95	2.6	60
1544844222000	2018-12-15 03:23:42 UTC	pdp	minor	86	86	2.2	60
1544844548000	2018-12-15 03:29:08 UTC	ts	minor	99	99	0.6	60
1544844892000	2018-12-15 03:34:52 UTC	ts	minor	-61	-61	2.3	60
1544845558000	2018-12-15 03:45:58 UTC	ts	minor	68	68	1.6	60
1544845701000	2018-12-15 03:48:21 UTC	ts	minor	75	75	1.3	60
1544849782000	2018-12-15 04:56:22 UTC	ts	minor	51	51	2.1	60
1544849821000	2018-12-15 04:57:01 UTC	ts	minor	78	78	1.4	59
1544850506000	2018-12-15 05:08:26 UTC	ts	minor	-55	0	2.7	60
1544850531000	2018-12-15 05:08:51 UTC	ts	minor	55	0	1.5	59
1544850634000	2018-12-15 05:10:34 UTC	ts	minor	114	114	1.8	60
1544850732000	2018-12-15 05:12:12 UTC	ts	minor	-111	-57	1.6	60
1544850736000	2018-12-15 05:12:16 UTC	ts	minor	54	-57	1.5	59
1544852128000	2018-12-15 05:35:28 UTC	ts	minor	72	72	1.1	60
1544852877000	2018-12-15 05:47:57 UTC	pdp	minor	122	122	0.1	60
1544853155000	2018-12-15 05:52:35 UTC	ts	minor	70	70	0.8	60
1544853185000	2018-12-15 05:53:05 UTC	ts	minor	136	136	-1.9	59
1544853502000	2018-12-15 05:58:22 UTC	ts	minor	-56	-56	2.1	60
1544854338000	2018-12-15 06:12:18 UTC	ts	minor	62	62	1.2	60
1544854935000	2018-12-15 06:22:15 UTC	ts	minor	-73	-73	2.5	60
1544857579000	2018-12-15 07:06:19 UTC	ts	minor	-105	-105	3.6	60
1544874621000	2018-12-15 11:50:21 UTC	pdp	minor	-86	-189	-2.5	60
1544874636000	2018-12-15 11:50:36 UTC	pdp	minor	-103	-189	-5.1	59
1544882149000	2018-12-15 13:55:49 UTC	pdp	minor	51	51	1.5	60
1544882270000	2018-12-15 13:57:50 UTC	pdp	minor	66	66	1.6	60
1544882302000	2018-12-15 13:58:22 UTC	pdp	minor	57	57	0.9	59
1544882684000	2018-12-15 14:04:44 UTC	pdp	minor	53	53	1.7	60
1544882871000	2018-12-15 14:07:51 UTC	pdp	minor	-153	-153	2.7	60
1544883450000	2018-12-15 14:17:30 UTC	pdp	minor	51	51	1.9	60
1544904284000	2018-12-15 20:04:44 UTC	pdp	minor	78	78	0.8	60
1544904653000	2018-12-15 20:10:53 UTC	ts	audit	-325	-1351	0.9	60
1544904654000	2018-12-15 20:10:54 UTC	ts	audit	-193	-1351	0.9	59
1544904656000	2018-12-15 20:10:56 UTC	ts	audit	-342	-1351	0.1	58
1544904657000	2018-12-15 20:10:57 UTC	ts	audit	-282	-1351	0.0	57
1544904658000	2018-12-15 20:10:58 UTC	ts	audit	-84	-1351	0.0	56
1544904659000	2018-12-15 20:10:59 UTC	ts	audit	-125	-1351	-0.0	55
1544904660000	2018-12-15 20:11:00 UTC	ts	audit	-267	1425	-0.0	54
1544904661000	2018-12-15 20:11:01 UTC	ts	audit	-190	1425	-0.0	53
1544904662000	2018-12-15 20:11:02 UTC	ts	audit	-248	1425	-0.1	52
1544904663000	2018-12-15 20:11:03 UTC	ts	audit	-346	1425	-0.2	51
1544904664000	2018-12-15 20:11:04 UTC	ts	audit	-307	1425	-0.2	50
1544904665000	2018-12-15 20:11:05 UTC	ts	audit	-57	1425	-0.2	49
1544904666000	2018-12-15 20:11:06 UTC	ts	audit	-181	1425	-0.2	48
1544904667000	2018-12-15 20:11:07 UTC	ts	audit	-174	1425	-0.2	47
1544904668000	2018-12-15 20:11:08 UTC	ts	audit	-420	1425	-0.3	46
1544904669000	2018-12-15 20:11:09 UTC	ts	audit	-299	1425	-0.3	45
1544904670000	2018-12-15 20:11:10 UTC	ts	audit	-105	1425	-0.3	44
1544904671000	2018-12-15 20:11:11 UTC	ts	audit	-292	1425	-0.3	43
1544904674000	2018-12-15 20:11:14 UTC	ts	audit	-396	1425	-0.4	42
1544904678000	2018-12-15 20:11:18 UTC	ts	audit	4707	1425	-0.6	41
1544905359000	2018-12-15 20:22:39 UTC	ts	audit	13804	13804	0.8	60
1544905995000	2018-12-15 20:33:15 UTC	pdp	audit	5819	5819	2.6	60
1544979048000	2018-12-16 16:50:48 UTC	ts	minor	-211	-211	4.8	60
1544991055000	2018-12-16 20:10:55 UTC	ts	audit	71	975	0.3	60
1544991057000	2018-12-16 20:10:57 UTC	ts	audit	518	975	0.4	59
1544991058000	2018-12-16 20:10:58 UTC	ts	audit	155	975	0.4	58
1544991059000	2018-12-16 20:10:59 UTC	ts	audit	231	975	0.5	57
1544991060000	2018-12-16 20:11:00 UTC	ts	minor	100	100	0.5	56
1544993529000	2018-12-16 20:52:09 UTC	pdp	audit	2116	2116	2.0	60
1544993652000	2018-12-16 20:54:12 UTC	ts	audit	8158	8158	0.3	60
1545001832000	2018-12-16 23:10:32 UTC	pdp	minor	52	52	2.4	60
1545004666000	2018-12-16 23:57:46 UTC	pdp	minor	59	59	1.6	60
1545056032000	2018-12-17 14:13:52 UTC	pdp	minor	54	54	1.8	60
1545065735000	2018-12-17 16:55:35 UTC	pdp	minor	67	67	1.7	60
1545073213000	2018-12-17 19:00:13 UTC	pdp	audit	5129	5129	2.8	60
1545073701000	2018-12-17 19:08:21 UTC	ts	audit	5363	5363	0.7	60
1545085120000	2018-12-17 22:18:40 UTC	pdp	minor	62	62	1.6	60
1545124638000	2018-12-18 09:17:18 UTC	ts	minor	51	51	0.9	60
1545152238000	2018-12-18 16:57:18 UTC	ts	minor	59	59	1.1	60
1545157258000	2018-12-18 18:20:58 UTC	pdp	minor	58	58	1.3	60
1545166321000	2018-12-18 20:52:01 UTC	pdp	minor	113	113	4.0	60
1545167192000	2018-12-18 21:06:32 UTC	pdp	minor	89	89	4.4	60
1545168786000	2018-12-18 21:33:06 UTC	ts	audit	2598	2598	0.4	60
1545169999000	2018-12-18 21:53:19 UTC	pdp	audit	-32904	-32904	3.8	60
1545186273000	2018-12-19 02:24:33 UTC	pdp	minor	-86	-2	2.5	60
1545186287000	2018-12-19 02:24:47 UTC	pdp	minor	84	-2	2.1	59
1545231666000	2018-12-19 15:01:06 UTC	ts	minor	86	86	1.3	60
1545232967000	2018-12-19 15:22:47 UTC	ts	minor	96	96	1.4	60
1545235457000	2018-12-19 16:04:17 UTC	ts	minor	64	64	1.4	60
1545238274000	2018-12-19 16:51:14 UTC	ts	minor	51	51	1.8	60
1545255490000	2018-12-19 21:38:10 UTC	ts	audit	5916	5916	0.6	60
1545255582000	2018-12-19 21:39:42 UTC	pdp	audit	24394	24394	1.7	60
1545260642000	2018-12-19 23:04:02 UTC	ts	minor	99	99	0.6	60
1545299118000	2018-12-20 09:45:18 UTC	ts	minor	59	131	2.6	60
1545299127000	2018-12-20 09:45:27 UTC	ts	minor	72	131	2.5	59
1545300714000	2018-12-20 10:11:54 UTC	pdp	minor	-65	-65	0.9	60
1545301590000	2018-12-20 10:26:30 UTC	pdp	minor	-62	6	0.8	60
1545301607000	2018-12-20 10:26:47 UTC	pdp	minor	68	6	0.9	59
1545302648000	2018-12-20 10:44:08 UTC	ts	minor	59	59	1.3	60
1545316514000	2018-12-20 14:35:14 UTC	ts	minor	63	63	1.5	60
1545319721000	2018-12-20 15:28:41 UTC	ts	minor	59	59	1.5	60
1545325206000	2018-12-20 17:00:06 UTC	ts	minor	75	75	1.4	60
1545365717000	2018-12-21 04:15:17 UTC	ts	minor	52	132	1.9	60
1545365720000	2018-12-21 04:15:20 UTC	pdp	minor	57	145	1.7	60
1545365720000	2018-12-21 04:15:20 UTC	ts	minor	80	132	1.8	59
1545365741000	2018-12-21 04:15:41 UTC	pdp	minor	88	145	1.1	59
1545389433000	2018-12-21 10:50:33 UTC	ts	minor	65	65	2.3	60
1545397356000	2018-12-21 13:02:36 UTC	ts	minor	-131	108	1.8	60
1545397357000	2018-12-21 13:02:37 UTC	ts	minor	80	108	1.6	59
1545397358000	2018-12-21 13:02:38 UTC	ts	minor	79	108	1.7	58
1545397359000	2018-12-21 13:02:39 UTC	ts	minor	80	108	1.7	57
1545403267000	2018-12-21 14:41:07 UTC	ts	minor	89	89	1.3	60
1545403537000	2018-12-21 14:45:37 UTC	ts	minor	111	111	1.9	60
1545403573000	2018-12-21 14:46:13 UTC	ts	minor	58	58	1.1	59
1545404169000	2018-12-21 14:56:09 UTC	ts	minor	63	63	2.3	60
1545420985000	2018-12-21 19:36:25 UTC	pdp	minor	93	93	0.9	60
1545423685000	2018-12-21 20:21:25 UTC	ts	audit	-98077	-98077	0.9	60
1545424256000	2018-12-21 20:30:56 UTC	pdp	audit	-43977	-43977	2.1	60
1545428235000	2018-12-21 21:37:15 UTC	pdp	minor	-75	-75	3.1	60
1545492968000	2018-12-22 15:36:08 UTC	ts	minor	53	53	2.3	60
1545513758000	2018-12-22 21:22:38 UTC	pdp	audit	45898	45898	1.6	60
1545513989000	2018-12-22 21:26:29 UTC	ts	audit	119883	119883	0.5	60
1545535523000	2018-12-23 03:25:23 UTC	ts	minor	53	53	1.3	60
1545537929000	2018-12-23 04:05:29 UTC	ts	minor	72	72	1.4	60
1545563942000	2018-12-23 11:19:02 UTC	ts	minor	73	73	1.3	60
1545576811000	2018-12-23 14:53:31 UTC	ts	minor	78	78	1.2	60
1545596197000	2018-12-23 20:16:37 UTC	pdp	audit	6301	6301	1.7	60
1545596407000	2018-12-23 20:20:07 UTC	ts	audit	10871	10871	0.6	60
1545664453000	2018-12-24 15:14:13 UTC	ts	minor	103	103	0.8	60
1545665123000	2018-12-24 15:25:23 UTC	ts	minor	102	102	1.2	60
1545678445000	2018-12-24 19:07:25 UTC	pdp	audit	3043	3043	1.0	60
1545678467000	2018-12-24 19:07:47 UTC	ts	audit	8917	8917	1.4	60
1545736306000	2018-12-25 11:11:46 UTC	ts	minor	77	77	1.4	60
1545746583000	2018-12-25 14:03:03 UTC	ts	minor	66	66	1.5	60
1545746689000	2018-12-25 14:04:49 UTC	ts	minor	91	91	1.4	60
1545758690000	2018-12-25 17:24:50 UTC	ts	minor	57	57	1.7	60
1545770575000	2018-12-25 20:42:55 UTC	ts	audit	4751	4751	0.7	60
1545771317000	2018-12-25 20:55:17 UTC	pdp	audit	-5269	-5269	1.4	60
1545776255000	2018-12-25 22:17:35 UTC	pdp	minor	73	73	0.5	60
1545801619000	2018-12-26 05:20:19 UTC	ts	minor	67	67	2.1	60
1545810779000	2018-12-26 07:52:59 UTC	ts	minor	51	51	1.4	60
1545825802000	2018-12-26 12:03:22 UTC	ts	minor	71	71	2.5	60
1545836283000	2018-12-26 14:58:03 UTC	ts	minor	91	91	2.7	60
1545837923000	2018-12-26 15:25:23 UTC	ts	minor	53	53	2.1	60
1545849246000	2018-12-26 18:34:06 UTC	pdp	minor	68	68	0.6	60
1545854586000	2018-12-26 20:03:06 UTC	ts	audit	8504	8504	0.8	60
1545854598000	2018-12-26 20:03:18 UTC	pdp	audit	1482	1482	1.5	60
1545917475000	2018-12-27 13:31:15 UTC	ts	minor	66	66	1.9	60
1545937943000	2018-12-27 19:12:23 UTC	pdp	audit	-1403	-1403	3.4	60
1545938144000	2018-12-27 19:15:44 UTC	ts	audit	9045	9045	0.8	60
1545972127000	2018-12-28 04:42:07 UTC	ts	minor	75	202	1.9	60
1545972146000	2018-12-28 04:42:26 UTC	pdp	minor	71	143	2.8	60
1545972148000	2018-12-28 04:42:28 UTC	ts	minor	67	202	2.0	59
1545972170000	2018-12-28 04:42:50 UTC	pdp	minor	72	143	2.8	59
1545972172000	2018-12-28 04:42:52 UTC	ts	minor	60	202	1.7	58
1545972406000	2018-12-28 04:46:46 UTC	pdp	minor	61	61	1.0	60
1545974150000	2018-12-28 05:15:50 UTC	ts	minor	52	52	1.3	60
1545975814000	2018-12-28 05:43:34 UTC	pdp	minor	76	76	1.6	60
1545975815000	2018-12-28 05:43:35 UTC	ts	minor	80	80	2.1	60
1545977885000	2018-12-28 06:18:05 UTC	ts	minor	60	60	2.2	60
1545978473000	2018-12-28 06:27:53 UTC	pdp	minor	74	74	1.8	60
1545978473000	2018-12-28 06:27:53 UTC	ts	minor	64	64	2.2	60
1545984954000	2018-12-28 08:15:54 UTC	ts	minor	85	85	0.6	60
1545985364000	2018-12-28 08:22:44 UTC	ts	minor	85	85	1.7	60
1545985756000	2018-12-28 08:29:16 UTC	ts	minor	88	88	1.4	60
1546026098000	2018-12-28 19:41:38 UTC	ts	audit	5240	5240	0.8	60
1546026106000	2018-12-28 19:41:46 UTC	pdp	audit	-894	-894	1.8	60
1546076787000	2018-12-29 09:46:27 UTC	ts	minor	100	100	0.0	60
1546109870000	2018-12-29 18:57:50 UTC	ts	audit	7035	7035	1.1	60
1546109903000	2018-12-29 18:58:23 UTC	pdp	audit	3836	3836	2.2	60
1546150465000	2018-12-30 06:14:25 UTC	ts	minor	90	90	2.6	60
1546154877000	2018-12-30 07:27:57 UTC	ts	minor	62	62	1.7	60
1546188814000	2018-12-30 16:53:34 UTC	pdp	minor	82	82	0.8	60
1546198731000	2018-12-30 19:38:51 UTC	pdp	minor	67	67	1.0	60
1546198883000	2018-12-30 19:41:23 UTC	pdp	audit	-2832	-2832	2.4	60
1546198896000	2018-12-30 19:41:36 UTC	ts	audit	4855	4855	0.8	60
1546200780000	2018-12-30 20:13:00 UTC	pdp	minor	98	98	0.8	60
1546209368000	2018-12-30 22:36:08 UTC	ts	minor	-65	-65	0.5	60
1546221157000	2018-12-31 01:52:37 UTC	pdp	minor	76	76	3.1	60
1546222165000	2018-12-31 02:09:25 UTC	pdp	minor	59	59	2.1	60
1546222806000	2018-12-31 02:20:06 UTC	pdp	minor	92	92	3.5	60
1546231727000	2018-12-31 04:48:47 UTC	ts	minor	64	64	1.8	60
1546249587000	2018-12-31 09:46:27 UTC	ts	minor	51	51	1.3	60
1546279082000	2018-12-31 17:58:02 UTC	ts	minor	86	86	1.3	60
1546284027000	2018-12-31 19:20:27 UTC	ts	audit	6517	6517	1.6	60
1546284147000	2018-12-31 19:22:27 UTC	pdp	audit	2683	2683	2.1	60
1546346195000	2019-01-01 12:36:35 UTC	ts	minor	63	63	2.3	60
1546351611000	2019-01-01 14:06:51 UTC	ts	minor	65	65	2.0	60
1546353836000	2019-01-01 14:43:56 UTC	ts	minor	74	74	1.9	60
1546354279000	2019-01-01 14:51:19 UTC	ts	minor	65	65	1.9	60
1546357599000	2019-01-01 15:46:39 UTC	ts	minor	100	100	3.6	60
1546368619000	2019-01-01 18:50:19 UTC	pdp	audit	2347	2347	1.4	60
1546368619000	2019-01-01 18:50:19 UTC	ts	audit	9260	9260	1.8	60
1546393129000	2019-01-02 01:38:49 UTC	pdp	minor	79	297	1.9	60
1546393130000	2019-01-02 01:38:50 UTC	pdp	minor	218	297	1.9	59
1546441835000	2019-01-02 15:10:35 UTC	ts	minor	95	95	1.5	60
1546458129000	2019-01-02 19:42:09 UTC	pdp	audit	-2530	-2530	1.6	60
1546458133000	2019-01-02 19:42:13 UTC	ts	audit	6360	6360	0.9	60
1546523903000	2019-01-03 13:58:23 UTC	ts	minor	93	93	2.8	60
1546543819000	2019-01-03 19:30:19 UTC	pdp	audit	2564	2659	1.5	60
1546543820000	2019-01-03 19:30:20 UTC	pdp	audit	95	2659	1.5	59
1546543862000	2019-01-03 19:31:02 UTC	ts	audit	8770	8770	1.1	60
1546547243000	2019-01-03 20:27:23 UTC	pdp	minor	-51	-51	2.5	60
1546602071000	2019-01-04 11:41:11 UTC	pdp	minor	-95	-95	-3.6	60
1546631746000	2019-01-04 19:55:46 UTC	pdp	audit	-1727	-1727	1.2	60
1546632044000	2019-01-04 20:00:44 UTC	ts	audit	6118	6118	0.6	60
1546656619000	2019-01-05 02:50:19 UTC	ts	minor	78	78	0.8	60
1546658314000	2019-01-05 03:18:34 UTC	ts	minor	107	107	0.4	60
1546663349000	2019-01-05 04:42:29 UTC	ts	minor	84	84	0.9	60
1546663749000	2019-01-05 04:49:09 UTC	ts	minor	60	60	1.4	60
1546665405000	2019-01-05 05:16:45 UTC	ts	minor	70	70	1.4	60
1546665893000	2019-01-05 05:24:53 UTC	ts	minor	71	71	0.9	60
1546666876000	2019-01-05 05:41:16 UTC	ts	minor	68	68	1.5	60
1546667156000	2019-01-05 05:45:56 UTC	ts	minor	84	84	1.2	60
1546667580000	2019-01-05 05:53:00 UTC	ts	minor	92	92	1.3	60
1546668036000	2019-01-05 06:00:36 UTC	ts	minor	104	104	1.9	60
1546668211000	2019-01-05 06:03:31 UTC	ts	minor	52	52	2.2	60
1546668722000	2019-01-05 06:12:02 UTC	ts	minor	85	85	2.5	60
1546670026000	2019-01-05 06:33:46 UTC	ts	minor	-87	-87	2.1	60
1546670698000	2019-01-05 06:44:58 UTC	ts	minor	-63	-63	2.8	60
1546672454000	2019-01-05 07:14:14 UTC	ts	minor	90	90	0.9	60
1546673822000	2019-01-05 07:37:02 UTC	pdp	minor	57	57	0.1	60
1546677034000	2019-01-05 08:30:34 UTC	ts	minor	62	62	2.2	60
1546677101000	2019-01-05 08:31:41 UTC	ts	minor	105	105	0.6	60
1546680644000	2019-01-05 09:30:44 UTC	ts	minor	65	65	1.2	60
1546681044000	2019-01-05 09:37:24 UTC	ts	minor	52	52	1.7	60
1546683111000	2019-01-05 10:11:51 UTC	ts	minor	79	79	1.3	60
1546686294000	2019-01-05 11:04:54 UTC	ts	minor	104	104	1.6	60
1546690596000	2019-01-05 12:16:36 UTC	ts	minor	63	63	1.1	60
1546690718000	2019-01-05 12:18:38 UTC	ts	minor	94	94	2.3	60
1546693175000	2019-01-05 12:59:35 UTC	ts	minor	81	81	1.6	60
1546694861000	2019-01-05 13:27:41 UTC	ts	minor	-75	42	2.6	60
1546694865000	2019-01-05 13:27:45 UTC	ts	minor	117	42	2.5	59
1546697214000	2019-01-05 14:06:54 UTC	pdp	minor	-60	-60	1.8	60
1546715290000	2019-01-05 19:08:10 UTC	pdp	audit	-715	-715	1.6	60
1546715299000	2019-01-05 19:08:19 UTC	ts	audit	7965	7965	0.7	60
1546744714000	2019-01-06 03:18:34 UTC	ts	minor	65	65	1.3	60
1546752724000	2019-01-06 05:32:04 UTC	ts	minor	52	52	2.3	60
1546753556000	2019-01-06 05:45:56 UTC	ts	minor	55	55	2.2	60
1546754436000	2019-01-06 06:00:36 UTC	ts	minor	60	60	1.9	60
1546771540000	2019-01-06 10:45:40 UTC	ts	minor	52	52	2.0	60
1546772593000	2019-01-06 11:03:13 UTC	ts	minor	100	100	0.5	60
1546774286000	2019-01-06 11:31:26 UTC	pdp	minor	53	-17	1.8	60
1546774291000	2019-01-06 11:31:31 UTC	pdp	minor	-70	-17	1.7	59
1546778967000	2019-01-06 12:49:27 UTC	ts	minor	107	107	3.3	60
1546780757000	2019-01-06 13:19:17 UTC	ts	minor	101	101	1.6	60
1546800551000	2019-01-06 18:49:11 UTC	ts	audit	8223	8223	1.0	60
1546800719000	2019-01-06 18:51:59 UTC	pdp	minor	313	313	1.3	60
1546854534000	2019-01-07 09:48:54 UTC	ts	minor	58	58	0.8	60
1546877615000	2019-01-07 16:13:35 UTC	ts	minor	64	64	1.8	60
1546887439000	2019-01-07 18:57:19 UTC	pdp	audit	-646	-646	1.5	60
1546888002000	2019-01-07 19:06:42 UTC	ts	audit	5528	5528	1.0	60
1546920152000	2019-01-08 04:02:32 UTC	ts	minor	92	92	2.3	60
1546937677000	2019-01-08 08:54:37 UTC	ts	minor	63	63	1.0	60
1546942355000	2019-01-08 10:12:35 UTC	ts	minor	62	62	1.3	60
1546945376000	2019-01-08 11:02:56 UTC	ts	minor	59	59	2.6	60
1546945799000	2019-01-08 11:09:59 UTC	ts	minor	78	78	2.1	60
1546954927000	2019-01-08 13:42:07 UTC	ts	minor	57	57	1.4	60
1546957775000	2019-01-08 14:29:35 UTC	ts	minor	72	72	1.7	60
1546961881000	2019-01-08 15:38:01 UTC	ts	minor	91	91	1.3	60
1546962504000	2019-01-08 15:48:24 UTC	ts	minor	70	70	1.8	60
1546963286000	2019-01-08 16:01:26 UTC	ts	minor	54	54	1.4	60
1546966611000	2019-01-08 16:56:51 UTC	ts	minor	56	56	1.5	60
1547032912000	2019-01-09 11:21:52 UTC	ts	minor	76	76	2.3	60
1547041093000	2019-01-09 13:38:13 UTC	ts	minor	55	55	1.6	60
1547047527000	2019-01-09 15:25:27 UTC	ts	minor	62	62	1.6	60
1547065498000	2019-01-09 20:24:58 UTC	ts	audit	14609	14609	0.6	60
1547065856000	2019-01-09 20:30:56 UTC	pdp	audit	-1874	-1874	1.5	60
1547078321000	2019-01-09 23:58:41 UTC	ts	minor	-71	-71	1.2	60
1547107486000	2019-01-10 08:04:46 UTC	ts	minor	51	51	2.2	60
1547128691000	2019-01-10 13:58:11 UTC	ts	minor	60	60	1.5	60
1547129030000	2019-01-10 14:03:50 UTC	ts	minor	80	80	1.4	60
1547137609000	2019-01-10 16:26:49 UTC	ts	minor	54	54	2.5	60
1547141342000	2019-01-10 17:29:02 UTC	ts	minor	67	67	1.7	60
1547147222000	2019-01-10 19:07:02 UTC	pdp	audit	-1277	-1277	0.7	60
1547147664000	2019-01-10 19:14:24 UTC	ts	audit	3903	3903	1.0	60
1547154956000	2019-01-10 21:15:56 UTC	pdp	minor	55	55	0.7	60
1547206965000	2019-01-11 11:42:45 UTC	ts	minor	-77	-77	3.0	60
1547207066000	2019-01-11 11:44:26 UTC	pdp	minor	-76	-176	-0.9	60
1547207099000	2019-01-11 11:44:59 UTC	pdp	minor	-100	-176	-3.2	59
1547222565000	2019-01-11 16:02:45 UTC	pdp	minor	-53	-53	2.6	60
1547233179000	2019-01-11 18:59:39 UTC	pdp	audit	-952	-952	0.4	60
1547233322000	2019-01-11 19:02:02 UTC	ts	audit	6129	6129	1.2	60
1547233622000	2019-01-11 19:07:02 UTC	pdp	minor	-167	-167	1.1	60
1547234070000	2019-01-11 19:14:30 UTC	ts	minor	105	176	1.0	60
1547234072000	2019-01-11 19:14:32 UTC	ts	minor	71	176	1.1	59
1547286011000	2019-01-12 09:40:11 UTC	pdp	minor	60	60	1.1	60
1547306654000	2019-01-12 15:24:14 UTC	pdp	minor	73	73	0.0	60
1547317335000	2019-01-12 18:22:15 UTC	pdp	minor	75	75	0.5	60
1547320044000	2019-01-12 19:07:24 UTC	pdp	audit	-2127	-2127	1.5	60
1547320270000	2019-01-12 19:11:10 UTC	ts	audit	6107	6107	0.9	60
1547350916000	2019-01-13 03:41:56 UTC	ts	minor	57	57	1.7	60
1547351531000	2019-01-13 03:52:11 UTC	ts	minor	53	53	1.3	60
1547361582000	2019-01-13 06:39:42 UTC	ts	minor	75	75	1.4	60
1547364057000	2019-01-13 07:20:57 UTC	ts	minor	53	53	2.3	60
1547406753000	2019-01-13 19:12:33 UTC	ts	audit	7505	7505	0.8	60
1547443652000	2019-01-14 05:27:32 UTC	ts	minor	84	84	2.5	60
1547443689000	2019-01-14 05:28:09 UTC	ts	minor	59	59	2.6	59
1547469819000	2019-01-14 12:43:39 UTC	ts	minor	100	100	1.3	60
1547480722000	2019-01-14 15:45:22 UTC	ts	minor	102	102	0.9	60
1547493198000	2019-01-14 19:13:18 UTC	ts	audit	-67	7031	1.2	60
1547493202000	2019-01-14 19:13:22 UTC	ts	audit	79	7031	1.1	59
1547493210000	2019-01-14 19:13:30 UTC	ts	audit	-85	7031	1.7	58
1547493222000	2019-01-14 19:13:42 UTC	ts	audit	84	7031	1.5	57
1547493226000	2019-01-14 19:13:46 UTC	ts	audit	-84	7031	1.7	56
1547493233000	2019-01-14 19:13:53 UTC	ts	audit	7035	7031	1.0	55
1547493234000	2019-01-14 19:13:54 UTC	ts	audit	69	7031	0.9	54
1547493277000	2019-01-14 19:14:37 UTC	pdp	audit	-2086	-2086	1.8	60
1547506750000	2019-01-14 22:59:10 UTC	pdp	minor	53	53	2.5	60
1547509057000	2019-01-14 23:37:37 UTC	pdp	minor	64	64	2.2	60
1547580058000	2019-01-15 19:20:58 UTC	ts	audit	5980	5980	0.5	60
1547580075000	2019-01-15 19:21:15 UTC	pdp	audit	1368	1368	1.4	60
1547585303000	2019-01-15 20:48:23 UTC	pdp	minor	99	99	1.9	60
1547619052000	2019-01-16 06:10:52 UTC	ts	minor	67	67	1.0	60
1547665339000	2019-01-16 19:02:19 UTC	pdp	audit	1770	1770	1.0	60
1547665399000	2019-01-16 19:03:19 UTC	ts	audit	5720	5720	1.4	60
1547670231000	2019-01-16 20:23:51 UTC	pdp	audit	659	659	1.5	60
1547670255000	2019-01-16 20:24:15 UTC	ts	audit	2138	2138	0.7	60
1547691616000	2019-01-17 02:20:16 UTC	pdp	minor	-56	-56	1.5	60
1547710097000	2019-01-17 07:28:17 UTC	ts	minor	92	92	0.7	60
1547712094000	2019-01-17 08:01:34 UTC	ts	minor	69	69	0.9	60
1547714456000	2019-01-17 08:40:56 UTC	ts	minor	89	89	2.2	60
1547717520000	2019-01-17 09:32:00 UTC	ts	minor	60	60	0.6	60
1547719785000	2019-01-17 10:09:45 UTC	ts	minor	77	77	1.0	60
1547721654000	2019-01-17 10:40:54 UTC	ts	minor	100	100	1.0	60
1547724839000	2019-01-17 11:33:59 UTC	ts	minor	63	63	1.3	60
1547725680000	2019-01-17 11:48:00 UTC	ts	minor	51	51	1.6	60
1547725798000	2019-01-17 11:49:58 UTC	ts	minor	71	71	1.1	60
1547728056000	2019-01-17 12:27:36 UTC	ts	minor	69	69	1.1	60
1547734668000	2019-01-17 14:17:48 UTC	ts	minor	59	59	1.9	60
1547737386000	2019-01-17 15:03:06 UTC	ts	minor	74	74	1.7	60
1547750718000	2019-01-17 18:45:18 UTC	pdp	audit	-1141	-1141	1.1	60
1547750839000	2019-01-17 18:47:19 UTC	ts	audit	4408	4408	1.5	60
1547810236000	2019-01-18 11:17:16 UTC	ts	minor	-105	-52	2.1	60
1547810246000	2019-01-18 11:17:26 UTC	ts	minor	53	-52	2.2	59
1547838097000	2019-01-18 19:01:37 UTC	pdp	audit	-1451	-1451	0.8	60
1547838253000	2019-01-18 19:04:13 UTC	ts	audit	5443	5545	1.2	60
1547838254000	2019-01-18 19:04:14 UTC	ts	audit	102	5545	1.2	59
1547876389000	2019-01-19 05:39:49 UTC	ts	minor	82	82	2.1	60
1547885223000	2019-01-19 08:07:03 UTC	ts	minor	58	58	1.4	60
1547893819000	2019-01-19 10:30:19 UTC	ts	minor	63	63	1.6	60
1547894454000	2019-01-19 10:40:54 UTC	ts	minor	57	57	1.5	60
1547896636000	2019-01-19 11:17:16 UTC	ts	minor	-57	-57	2.1	60
1547898474000	2019-01-19 11:47:54 UTC	pdp	minor	-52	-52	1.6	60
1547915644000	2019-01-19 16:34:04 UTC	ts	minor	57	57	2.2	60
1547924314000	2019-01-19 18:58:34 UTC	pdp	audit	-604	-604	1.6	60
1547924319000	2019-01-19 18:58:39 UTC	ts	audit	5912	5912	1.4	60
1547931372000	2019-01-19 20:56:12 UTC	pdp	minor	79	79	3.6	60
1547963763000	2019-01-20 05:56:03 UTC	ts	minor	75	75	2.7	60
1548010090000	2019-01-20 18:48:10 UTC	pdp	audit	-3909	-3909	5.9	60
1548010144000	2019-01-20 18:49:04 UTC	ts	audit	8763	8763	1.4	60
1548014636000	2019-01-20 20:03:56 UTC	pdp	minor	61	61	2.6	60
1548063865000	2019-01-21 09:44:25 UTC	ts	minor	63	63	1.7	60
1548070802000	2019-01-21 11:40:02 UTC	ts	minor	77	77	1.6	60
1548081338000	2019-01-21 14:35:38 UTC	ts	minor	72	72	2.0	60
1548081749000	2019-01-21 14:42:29 UTC	ts	minor	74	74	2.0	60
1548082462000	2019-01-21 14:54:22 UTC	ts	minor	83	83	1.9	60
1548097446000	2019-01-21 19:04:06 UTC	ts	audit	6736	6736	1.3	60
1548097519000	2019-01-21 19:05:19 UTC	pdp	audit	2657	2657	3.4	60
1548149554000	2019-01-22 09:32:34 UTC	ts	minor	55	55	2.2	60
1548159219000	2019-01-22 12:13:39 UTC	ts	minor	167	167	0.6	60
1548167027000	2019-01-22 14:23:47 UTC	ts	minor	63	63	2.5	60
1548179794000	2019-01-22 17:56:34 UTC	ts	minor	66	66	0.7	60
1548183227000	2019-01-22 18:53:47 UTC	pdp	audit	5165	5165	2.3	60
1548183392000	2019-01-22 18:56:32 UTC	ts	audit	7087	7087	1.4	60
1548197223000	2019-01-22 22:47:03 UTC	pdp	minor	123	123	4.5	60
1548199629000	2019-01-22 23:27:09 UTC	pdp	minor	-67	-67	3.1	60
1548210405000	2019-01-23 02:26:45 UTC	pdp	minor	106	217	2.6	60
1548210405000	2019-01-23 02:26:45 UTC	ts	minor	53	53	1.2	60
1548210413000	2019-01-23 02:26:53 UTC	pdp	minor	111	217	2.7	59
1548219428000	2019-01-23 04:57:08 UTC	pdp	minor	76	76	1.5	60
1548238777000	2019-01-23 10:19:37 UTC	pdp	minor	52	52	0.9	60
1548242211000	2019-01-23 11:16:51 UTC	ts	minor	69	69	1.4	60
1548247790000	2019-01-23 12:49:50 UTC	pdp	minor	64	139	2.9	60
1548247793000	2019-01-23 12:49:53 UTC	pdp	minor	75	139	2.6	59
1548253204000	2019-01-23 14:20:04 UTC	ts	minor	-63	20	3.0	60
1548253231000	2019-01-23 14:20:31 UTC	ts	minor	83	20	2.3	59
1548261100000	2019-01-23 16:31:40 UTC	pdp	minor	115	115	1.1	60
1548269228000	2019-01-23 18:47:08 UTC	pdp	minor	119	119	2.4	60
1548269228000	2019-01-23 18:47:08 UTC	ts	minor	88	88	1.1	60
1548270100000	2019-01-23 19:01:40 UTC	pdp	audit	4689	4841	2.5	60
1548270101000	2019-01-23 19:01:41 UTC	pdp	audit	152	4841	2.6	59
1548270610000	2019-01-23 19:10:10 UTC	ts	audit	4548	4817	1.0	60
1548270611000	2019-01-23 19:10:11 UTC	ts	audit	269	4817	1.0	59
1548271185000	2019-01-23 19:19:45 UTC	pdp	minor	76	76	1.4	60
1548273348000	2019-01-23 19:55:48 UTC	pdp	minor	67	67	1.7	60
1548273426000	2019-01-23 19:57:06 UTC	pdp	minor	107	107	1.3	60
1548273752000	2019-01-23 20:02:32 UTC	ts	minor	-182	-182	4.0	60
1548275947000	2019-01-23 20:39:07 UTC	pdp	minor	57	57	2.6	60
1548278683000	2019-01-23 21:24:43 UTC	pdp	minor	88	88	2.5	60
1548282574000	2019-01-23 22:29:34 UTC	ts	minor	-96	-96	2.2	60
1548323635000	2019-01-24 09:53:55 UTC	pdp	minor	55	55	1.5	60
1548332041000	2019-01-24 12:14:01 UTC	pdp	minor	63	63	0.9	60
1548334275000	2019-01-24 12:51:15 UTC	pdp	minor	85	85	1.0	60
1548335615000	2019-01-24 13:13:35 UTC	ts	minor	56	56	1.2	60
1548335649000	2019-01-24 13:14:09 UTC	pdp	minor	65	65	1.2	60
1548338141000	2019-01-24 13:55:41 UTC	pdp	minor	79	79	0.8	60
1548338333000	2019-01-24 13:58:53 UTC	pdp	minor	63	63	1.6	60
1548338386000	2019-01-24 13:59:46 UTC	ts	minor	67	67	1.8	60
1548340820000	2019-01-24 14:40:20 UTC	ts	minor	51	51	1.9	60
1548341638000	2019-01-24 14:53:58 UTC	ts	minor	60	60	2.4	60
1548344048000	2019-01-24 15:34:08 UTC	pdp	minor	80	80	1.6	60
1548346247000	2019-01-24 16:10:47 UTC	pdp	minor	83	83	1.6	60
1548349478000	2019-01-24 17:04:38 UTC	pdp	minor	60	60	2.6	60
1548355645000	2019-01-24 18:47:25 UTC	ts	minor	73	73	0.6	60
1548359307000	2019-01-24 19:48:27 UTC	pdp	audit	4765	4765	1.7	60
1548359407000	2019-01-24 19:50:07 UTC	ts	audit	8410	8410	1.1	60
1548360889000	2019-01-24 20:14:49 UTC	pdp	minor	57	57	1.5	60
1548370321000	2019-01-24 22:52:01 UTC	pdp	minor	73	73	1.8	60
1548379166000	2019-01-25 01:19:26 UTC	pdp	minor	59	59	2.1	60
1548412128000	2019-01-25 10:28:48 UTC	ts	minor	56	56	1.7	60
1548412613000	2019-01-25 10:36:53 UTC	ts	minor	53	53	1.6	60
1548423237000	2019-01-25 13:33:57 UTC	ts	minor	64	64	1.8	60
1548431809000	2019-01-25 15:56:49 UTC	ts	minor	76	76	2.1	60
1548432365000	2019-01-25 16:06:05 UTC	ts	minor	56	56	1.4	60
1548436365000	2019-01-25 17:12:45 UTC	pdp	minor	59	59	1.1	60
1548446494000	2019-01-25 20:01:34 UTC	ts	audit	5993	5993	0.7	60
1548447070000	2019-01-25 20:11:10 UTC	pdp	audit	-1552	-1552	2.1	60
1548458736000	2019-01-25 23:25:36 UTC	pdp	minor	55	55	1.6	60
1548484931000	2019-01-26 06:42:11 UTC	pdp	minor	81	81	1.0	60
1548484931000	2019-01-26 06:42:11 UTC	ts	minor	167	167	2.9	60
1548487278000	2019-01-26 07:21:18 UTC	pdp	minor	66	66	0.8	60
1548487278000	2019-01-26 07:21:18 UTC	ts	minor	142	142	2.3	60
1548487841000	2019-01-26 07:30:41 UTC	ts	minor	86	86	2.3	60
1548490926000	2019-01-26 08:22:06 UTC	pdp	minor	60	60	1.2	60
1548490926000	2019-01-26 08:22:06 UTC	ts	minor	103	103	2.9	60
1548515052000	2019-01-26 15:04:12 UTC	ts	minor	65	65	2.2	60
1548534294000	2019-01-26 20:24:54 UTC	ts	audit	6997	6997	0.9	60
1548534516000	2019-01-26 20:28:36 UTC	pdp	minor	103	103	1.9	60
1548609154000	2019-01-27 17:12:34 UTC	pdp	minor	304	304	1.8	60
1548612492000	2019-01-27 18:08:12 UTC	pdp	minor	53	53	1.0	60
1548621465000	2019-01-27 20:37:45 UTC	pdp	audit	1146	1146	1.6	60
1548621785000	2019-01-27 20:43:05 UTC	ts	audit	5885	6064	0.8	60
1548621786000	2019-01-27 20:43:06 UTC	ts	audit	179	6064	0.8	59
1548674002000	2019-01-28 11:13:22 UTC	ts	minor	54	54	1.1	60
1548706689000	2019-01-28 20:18:09 UTC	pdp	audit	1849	1849	1.1	60
1548706691000	2019-01-28 20:18:11 UTC	ts	audit	5489	5489	0.6	60
1548761152000	2019-01-29 11:25:52 UTC	ts	minor	67	67	2.5	60
1548778485000	2019-01-29 16:14:45 UTC	ts	minor	87	87	0.9	60
1548793310000	2019-01-29 20:21:50 UTC	pdp	audit	-924	-924	2.0	60
1548793517000	2019-01-29 20:25:17 UTC	ts	audit	5288	5447	0.5	60
1548793518000	2019-01-29 20:25:18 UTC	ts	audit	159	5447	0.5	59
1548854713000	2019-01-30 13:25:13 UTC	pdp	minor	80	80	1.0	60
1548879020000	2019-01-30 20:10:20 UTC	pdp	audit	-762	-843	0.1	60
1548879026000	2019-01-30 20:10:26 UTC	pdp	audit	-81	-843	0.0	59
1548879130000	2019-01-30 20:12:10 UTC	ts	audit	4270	4270	0.8	60
1548966199000	2019-01-31 20:23:19 UTC	pdp	audit	-1152	-1152	1.4	60
1548966898000	2019-01-31 20:34:58 UTC	ts	audit	3696	3696	0.6	60
1549051287000	2019-02-01 20:01:27 UTC	ts	audit	5620	5620	1.2	60
1549051320000	2019-02-01 20:02:00 UTC	pdp	audit	-1124	-1124	1.3	60
1549101406000	2019-02-02 09:56:46 UTC	ts	minor	53	53	1.9	60
1549112877000	2019-02-02 13:07:57 UTC	ts	minor	63	63	1.7	60
1549117490000	2019-02-02 14:24:50 UTC	ts	minor	67	67	1.8	60
1549121159000	2019-02-02 15:25:59 UTC	ts	minor	73	73	1.6	60
1549136999000	2019-02-02 19:49:59 UTC	ts	audit	5436	5436	1.0	60
1549137182000	2019-02-02 19:53:02 UTC	pdp	audit	-2853	-2853	1.9	60
1549142057000	2019-02-02 21:14:17 UTC	pdp	minor	66	66	1.1	60
1549167227000	2019-02-03 04:13:47 UTC	ts	minor	78	78	3.6	60
1549167228000	2019-02-03 04:13:48 UTC	pdp	minor	71	71	2.6	60
1549178742000	2019-02-03 07:25:42 UTC	ts	minor	54	54	1.9	60
1549195622000	2019-02-03 12:07:02 UTC	ts	minor	61	61	2.1	60
1549196531000	2019-02-03 12:22:11 UTC	ts	minor	64	64	2.0	60
1549199448000	2019-02-03 13:10:48 UTC	ts	minor	59	59	2.8	60
1549202549000	2019-02-03 14:02:29 UTC	ts	minor	100	100	1.7	60
1549205652000	2019-02-03 14:54:12 UTC	ts	minor	68	68	2.9	60
1549207386000	2019-02-03 15:23:06 UTC	ts	minor	76	76	3.1	60
1549212613000	2019-02-03 16:50:13 UTC	pdp	minor	119	119	5.5	60
1549212724000	2019-02-03 16:52:04 UTC	ts	minor	85	85	3.0	60
1549216367000	2019-02-03 17:52:47 UTC	ts	minor	73	73	2.9	60
1549221298000	2019-02-03 19:14:58 UTC	pdp	minor	128	128	2.1	60
1549221343000	2019-02-03 19:15:43 UTC	pdp	minor	-66	-66	3.2	59
1549221495000	2019-02-03 19:18:15 UTC	pdp	minor	-55	-55	1.2	60
1549221557000	2019-02-03 19:19:17 UTC	pdp	minor	-89	-89	2.6	60
1549223742000	2019-02-03 19:55:42 UTC	pdp	minor	81	81	3.6	60
1549224057000	2019-02-03 20:00:57 UTC	pdp	minor	71	71	3.3	60
1549225052000	2019-02-03 20:17:32 UTC	pdp	minor	82	82	3.3	60
1549225816000	2019-02-03 20:30:16 UTC	pdp	audit	-1825	-1911	4.1	60
1549225817000	2019-02-03 20:30:17 UTC	pdp	audit	-86	-1911	4.1	59
1549225915000	2019-02-03 20:31:55 UTC	ts	audit	9273	9273	0.9	60
1549226532000	2019-02-03 20:42:12 UTC	pdp	minor	94	173	2.5	60
1549226562000	2019-02-03 20:42:42 UTC	pdp	minor	79	173	1.3	59
1549230052000	2019-02-03 21:40:52 UTC	pdp	minor	51	51	1.9	60
1549248718000	2019-02-04 02:51:58 UTC	pdp	minor	81	81	3.0	60
1549248755000	2019-02-04 02:52:35 UTC	pdp	minor	116	224	3.5	59
1549248755000	2019-02-04 02:52:35 UTC	ts	minor	101	196	2.8	60
1549248757000	2019-02-04 02:52:37 UTC	pdp	minor	108	224	3.4	58
1549248757000	2019-02-04 02:52:37 UTC	ts	minor	95	196	3.0	59
1549255833000	2019-02-04 04:50:33 UTC	pdp	minor	59	59	1.6	60
1549280078000	2019-02-04 11:34:38 UTC	pdp	minor	-61	-229	-1.5	60
1549280087000	2019-02-04 11:34:47 UTC	pdp	minor	-59	-229	-2.5	59
1549280094000	2019-02-04 11:34:54 UTC	pdp	minor	-109	-229	-2.6	58
1549291664000	2019-02-04 14:47:44 UTC	ts	minor	56	56	2.4	60
1549291815000	2019-02-04 14:50:15 UTC	pdp	minor	64	64	1.4	60
1549298728000	2019-02-04 16:45:28 UTC	pdp	minor	61	61	1.5	60
1549312810000	2019-02-04 20:40:10 UTC	pdp	minor	61	61	1.4	60
1549313120000	2019-02-04 20:45:20 UTC	pdp	audit	5833	6121	2.5	60
1549313121000	2019-02-04 20:45:21 UTC	pdp	audit	288	6121	2.5	59
1549315056000	2019-02-04 21:17:36 UTC	ts	audit	7186	7186	0.7	60
1549321497000	2019-02-04 23:04:57 UTC	pdp	minor	73	73	2.7	60
1549322993000	2019-02-04 23:29:53 UTC	pdp	minor	79	79	3.4	60
1549326453000	2019-02-05 00:27:33 UTC	pdp	minor	56	56	2.5	60
1549327288000	2019-02-05 00:41:28 UTC	pdp	minor	52	52	1.9	60
1549329179000	2019-02-05 01:12:59 UTC	pdp	minor	51	51	2.3	60
1549329858000	2019-02-05 01:24:18 UTC	pdp	minor	81	81	1.5	60
1549331378000	2019-02-05 01:49:38 UTC	pdp	minor	89	89	1.4	60
1549335195000	2019-02-05 02:53:15 UTC	pdp	minor	55	55	2.0	60
1549340612000	2019-02-05 04:23:32 UTC	pdp	minor	57	57	1.0	60
1549372029000	2019-02-05 13:07:09 UTC	ts	minor	66	66	-0.2	60
1549375886000	2019-02-05 14:11:26 UTC	pdp	minor	57	57	1.0	60
1549379828000	2019-02-05 15:17:08 UTC	ts	minor	52	52	2.5	60
1549387323000	2019-02-05 17:22:03 UTC	pdp	minor	51	51	2.1	60
1549389243000	2019-02-05 17:54:03 UTC	pdp	minor	64	64	1.9	60
1549397889000	2019-02-05 20:18:09 UTC	pdp	audit	3763	3763	2.5	60
1549398050000	2019-02-05 20:20:50 UTC	ts	audit	11961	11961	0.5	60
1549402131000	2019-02-05 21:28:51 UTC	pdp	minor	53	53	1.6	60
1549402650000	2019-02-05 21:37:30 UTC	pdp	minor	80	80	1.2	60
1549429465000	2019-02-06 05:04:25 UTC	ts	minor	61	61	0.8	60
1549455598000	2019-02-06 12:19:58 UTC	ts	minor	58	58	1.7	60
1549460246000	2019-02-06 13:37:26 UTC	ts	minor	84	84	1.4	60
1549464134000	2019-02-06 14:42:14 UTC	ts	minor	63	63	2.2	60
1549468812000	2019-02-06 16:00:12 UTC	ts	minor	101	101	1.4	60
1549472719000	2019-02-06 17:05:19 UTC	ts	minor	88	88	1.4	60
1549476014000	2019-02-06 18:00:14 UTC	pdp	minor	61	61	1.4	60
1549484679000	2019-02-06 20:24:39 UTC	pdp	audit	-3963	-3963	2.8	60
1549484878000	2019-02-06 20:27:58 UTC	ts	audit	6446	6738	0.7	60
1549484879000	2019-02-06 20:27:59 UTC	ts	audit	292	6738	0.7	59
1549485227000	2019-02-06 20:33:47 UTC	pdp	minor	82	82	0.9	60
1549496492000	2019-02-06 23:41:32 UTC	pdp	minor	53	53	1.8	60
1549510469000	2019-02-07 03:34:29 UTC	pdp	minor	56	56	1.9	60
1549511607000	2019-02-07 03:53:27 UTC	ts	minor	53	53	1.3	60
1549517541000	2019-02-07 05:32:21 UTC	ts	minor	62	62	1.0	60
1549532493000	2019-02-07 09:41:33 UTC	ts	minor	66	66	1.8	60
1549546598000	2019-02-07 13:36:38 UTC	pdp	minor	62	62	0.6	60
1549550189000	2019-02-07 14:36:29 UTC	pdp	minor	68	68	0.3	60
1549569734000	2019-02-07 20:02:14 UTC	pdp	audit	2793	2793	1.5	60
1549570265000	2019-02-07 20:11:05 UTC	ts	audit	7593	7593	1.0	60
1549577240000	2019-02-07 22:07:20 UTC	pdp	minor	62	62	0.8	60
1549654777000	2019-02-08 19:39:37 UTC	pdp	minor	-105	-105	1.7	60
1549654809000	2019-02-08 19:40:09 UTC	ts	audit	8097	8097	0.9	60
1549655097000	2019-02-08 19:44:57 UTC	pdp	minor	58	58	1.4	60
1549696645000	2019-02-09 07:17:25 UTC	ts	minor	55	55	0.9	60
1549713075000	2019-02-09 11:51:15 UTC	ts	minor	-70	-161	-3.5	60
1549713079000	2019-02-09 11:51:19 UTC	ts	minor	120	-161	-3.3	59
1549713081000	2019-02-09 11:51:21 UTC	ts	minor	-70	-161	-3.3	58
1549713082000	2019-02-09 11:51:22 UTC	ts	minor	-71	-161	-3.4	57
1549713083000	2019-02-09 11:51:23 UTC	pdp	minor	-156	-156	-0.6	60
1549713083000	2019-02-09 11:51:23 UTC	ts	minor	-70	-161	-3.3	56
1549721303000	2019-02-09 14:08:23 UTC	ts	minor	57	57	2.5	60
1549722443000	2019-02-09 14:27:23 UTC	ts	minor	62	62	2.2	60
1549723771000	2019-02-09 14:49:31 UTC	ts	minor	51	51	2.1	60
1549727655000	2019-02-09 15:54:15 UTC	pdp	minor	58	58	1.6	60
1549730857000	2019-02-09 16:47:37 UTC	pdp	minor	55	55	2.3	60
1549731717000	2019-02-09 17:01:57 UTC	pdp	minor	-67	-67	2.9	60
1549742007000	2019-02-09 19:53:27 UTC	pdp	audit	-3516	-3516	2.5	60
1549742008000	2019-02-09 19:53:28 UTC	ts	audit	6421	6421	0.9	60
1549800550000	2019-02-10 12:09:10 UTC	pdp	minor	95	95	0.6	60
1549811495000	2019-02-10 15:11:35 UTC	pdp	minor	83	83	1.8	60
1549812098000	2019-02-10 15:21:38 UTC	pdp	minor	65	65	2.1	60
1549813514000	2019-02-10 15:45:14 UTC	pdp	minor	71	71	2.1	60
1549814241000	2019-02-10 15:57:21 UTC	pdp	minor	88	88	2.3	60
1549816154000	2019-02-10 16:29:14 UTC	pdp	minor	145	145	4.2	60
1549816223000	2019-02-10 16:30:23 UTC	ts	minor	63	63	2.6	60
1549817909000	2019-02-10 16:58:29 UTC	ts	minor	52	52	2.0	60
1549819753000	2019-02-10 17:29:13 UTC	ts	minor	56	56	1.6	60
1549820410000	2019-02-10 17:40:10 UTC	pdp	minor	94	94	4.2	60
1549821979000	2019-02-10 18:06:19 UTC	pdp	minor	67	67	3.3	60
1549822647000	2019-02-10 18:17:27 UTC	pdp	minor	102	102	3.6	60
1549823767000	2019-02-10 18:36:07 UTC	pdp	minor	56	56	2.5	60
1549824248000	2019-02-10 18:44:08 UTC	pdp	minor	66	66	2.1	60
1549826338000	2019-02-10 19:18:58 UTC	pdp	minor	-52	-52	0.0	60
1549827816000	2019-02-10 19:43:36 UTC	pdp	audit	5932	5932	3.2	60
1549827823000	2019-02-10 19:43:43 UTC	ts	audit	9934	9934	1.1	60
1549834099000	2019-02-10 21:28:19 UTC	pdp	minor	-82	-82	1.7	60
1549843113000	2019-02-10 23:58:33 UTC	pdp	minor	69	69	1.5	60
1549851340000	2019-02-11 02:15:40 UTC	pdp	minor	211	211	2.3	60
1549851340000	2019-02-11 02:15:40 UTC	ts	minor	169	169	1.4	60
1549852041000	2019-02-11 02:27:21 UTC	ts	minor	-53	-53	1.4	60
1549893179000	2019-02-11 13:52:59 UTC	ts	minor	54	54	1.7	60
1549901483000	2019-02-11 16:11:23 UTC	pdp	minor	57	57	1.2	60
1549909273000	2019-02-11 18:21:13 UTC	pdp	minor	53	53	1.3	60
1549914186000	2019-02-11 19:43:06 UTC	pdp	audit	-1342	-1342	1.7	60
1549914304000	2019-02-11 19:45:04 UTC	ts	audit	6443	6443	0.8	60
1549938861000	2019-02-12 02:34:21 UTC	pdp	minor	57	57	0.6	60
1549950761000	2019-02-12 05:52:41 UTC	pdp	minor	68	68	0.9	60
1549950761000	2019-02-12 05:52:41 UTC	ts	minor	143	143	1.6	60
1549960705000	2019-02-12 08:38:25 UTC	ts	minor	61	61	2.5	60
1549966485000	2019-02-12 10:14:45 UTC	ts	minor	82	82	2.3	60
1549998533000	2019-02-12 19:08:53 UTC	ts	minor	-60	-60	-2.4	60
1550004456000	2019-02-12 20:47:36 UTC	ts	audit	6925	6925	0.8	60
1550004620000	2019-02-12 20:50:20 UTC	pdp	audit	-4309	-4309	2.6	60
1550055343000	2019-02-13 10:55:43 UTC	ts	minor	59	59	1.9	60
1550057988000	2019-02-13 11:39:48 UTC	pdp	minor	83	83	2.5	60
1550061033000	2019-02-13 12:30:33 UTC	pdp	minor	107	107	2.9	60
1550062364000	2019-02-13 12:52:44 UTC	pdp	minor	91	91	3.9	60
1550062816000	2019-02-13 13:00:16 UTC	ts	minor	67	67	3.2	60
1550065822000	2019-02-13 13:50:22 UTC	ts	minor	98	152	2.4	60
1550065841000	2019-02-13 13:50:41 UTC	ts	minor	54	152	1.9	59
1550066745000	2019-02-13 14:05:45 UTC	pdp	minor	94	94	2.9	60
1550067333000	2019-02-13 14:15:33 UTC	pdp	minor	94	94	2.7	60
1550068362000	2019-02-13 14:32:42 UTC	ts	minor	95	95	2.6	60
1550069389000	2019-02-13 14:49:49 UTC	ts	minor	91	91	2.6	60
1550070182000	2019-02-13 15:03:02 UTC	pdp	minor	73	73	3.0	60
1550071426000	2019-02-13 15:23:46 UTC	ts	minor	58	58	2.3	60
1550075160000	2019-02-13 16:26:00 UTC	ts	minor	88	88	2.3	60
1550083521000	2019-02-13 18:45:21 UTC	pdp	minor	126	210	1.4	60
1550083522000	2019-02-13 18:45:22 UTC	pdp	minor	84	210	1.5	59
1550085010000	2019-02-13 19:10:10 UTC	pdp	minor	-80	-80	-1.3	60
1550085354000	2019-02-13 19:15:54 UTC	pdp	minor	69	69	0.8	60
1550088045000	2019-02-13 20:00:45 UTC	ts	audit	11456	11456	1.1	60
1550088192000	2019-02-13 20:03:12 UTC	pdp	audit	1809	1809	2.7	60
1550090383000	2019-02-13 20:39:43 UTC	pdp	minor	83	83	2.4	60
1550091956000	2019-02-13 21:05:56 UTC	pdp	minor	70	70	2.2	60
1550095945000	2019-02-13 22:12:25 UTC	pdp	minor	82	82	2.4	60
1550100671000	2019-02-13 23:31:11 UTC	pdp	minor	78	78	1.8	60
1550112334000	2019-02-14 02:45:34 UTC	pdp	minor	51	51	1.3	60
1550115746000	2019-02-14 03:42:26 UTC	pdp	minor	66	66	1.1	60
1550150663000	2019-02-14 13:24:23 UTC	ts	minor	81	81	1.1	60
1550152911000	2019-02-14 14:01:51 UTC	ts	minor	61	61	1.8	60
1550155042000	2019-02-14 14:37:22 UTC	ts	minor	57	57	1.5	60
1550155571000	2019-02-14 14:46:11 UTC	ts	minor	64	64	2.0	60
1550156545000	2019-02-14 15:02:25 UTC	ts	minor	75	75	0.7	60
1550161283000	2019-02-14 16:21:23 UTC	ts	minor	52	52	2.1	60
1550163189000	2019-02-14 16:53:09 UTC	ts	minor	61	61	1.6	60
1550176210000	2019-02-14 20:30:10 UTC	ts	audit	8098	8098	0.8	60
1550177272000	2019-02-14 20:47:52 UTC	pdp	audit	3373	3373	1.7	60
1550231166000	2019-02-15 11:46:06 UTC	pdp	minor	-52	-52	-0.6	60
1550231186000	2019-02-15 11:46:26 UTC	ts	minor	-218	-218	-2.6	60
1550236100000	2019-02-15 13:08:20 UTC	pdp	minor	63	63	0.6	60
1550244180000	2019-02-15 15:23:00 UTC	ts	minor	59	184	2.7	60
1550244238000	2019-02-15 15:23:58 UTC	pdp	minor	74	74	2.2	60
1550244238000	2019-02-15 15:23:58 UTC	ts	minor	125	184	2.7	59
1550248247000	2019-02-15 16:30:47 UTC	ts	minor	59	59	1.3	60
1550250687000	2019-02-15 17:11:27 UTC	ts	minor	54	54	1.3	60
1550253588000	2019-02-15 17:59:48 UTC	pdp	minor	51	51	1.2	60
1550261768000	2019-02-15 20:16:08 UTC	pdp	audit	1710	1710	1.7	60
1550262567000	2019-02-15 20:29:27 UTC	ts	audit	4592	4592	0.7	60
1550279067000	2019-02-16 01:04:27 UTC	pdp	minor	83	83	0.9	60
1550290896000	2019-02-16 04:21:36 UTC	pdp	minor	60	60	1.1	60
1550302456000	2019-02-16 07:34:16 UTC	pdp	minor	62	62	0.1	60
1550351272000	2019-02-16 21:07:52 UTC	ts	audit	6161	6161	0.7	60
1550351711000	2019-02-16 21:15:11 UTC	pdp	audit	-1749	-1749	1.8	60
1550352623000	2019-02-16 21:30:23 UTC	pdp	minor	64	64	1.6	60
1550426877000	2019-02-17 18:07:57 UTC	pdp	minor	72	72	2.5	60
1550430492000	2019-02-17 19:08:12 UTC	pdp	minor	-84	-164	0.6	60
1550430521000	2019-02-17 19:08:41 UTC	pdp	minor	-80	-164	-0.8	59
1550430552000	2019-02-17 19:09:12 UTC	pdp	minor	-109	-109	-1.7	58
1550437526000	2019-02-17 21:05:26 UTC	ts	audit	8133	8133	0.5	60
1550437682000	2019-02-17 21:08:02 UTC	pdp	audit	3265	3265	1.6	60
1550490368000	2019-02-18 11:46:08 UTC	ts	minor	-150	-150	-0.6	60
1550496031000	2019-02-18 13:20:31 UTC	pdp	minor	107	107	1.5	60
1550496031000	2019-02-18 13:20:31 UTC	ts	minor	91	91	1.2	60
1550503150000	2019-02-18 15:19:10 UTC	pdp	minor	52	52	0.4	60
1550524600000	2019-02-18 21:16:40 UTC	ts	audit	5551	5551	0.0	60
1550525075000	2019-02-18 21:24:35 UTC	pdp	audit	-1679	-1679	0.9	60
1550552215000	2019-02-19 04:56:55 UTC	ts	minor	58	58	1.0	60
1550577149000	2019-02-19 11:52:29 UTC	ts	minor	-165	-165	-5.8	60
1550580897000	2019-02-19 12:54:57 UTC	ts	minor	53	53	1.4	60
1550583556000	2019-02-19 13:39:16 UTC	pdp	minor	212	212	2.2	60
1550591636000	2019-02-19 15:53:56 UTC	ts	minor	100	100	2.6	60
1550594883000	2019-02-19 16:48:03 UTC	pdp	minor	70	70	2.6	60
1550603983000	2019-02-19 19:19:43 UTC	pdp	minor	56	56	1.3	60
1550608950000	2019-02-19 20:42:30 UTC	pdp	audit	1401	1401	2.2	60
1550608952000	2019-02-19 20:42:32 UTC	ts	audit	7500	7500	0.5	60
1550613968000	2019-02-19 22:06:08 UTC	pdp	minor	64	64	1.2	60
1550624724000	2019-02-20 01:05:24 UTC	ts	minor	-83	-83	-2.7	60
1550624784000	2019-02-20 01:06:24 UTC	pdp	minor	-57	-57	-0.1	60
1550624785000	2019-02-20 01:06:25 UTC	ts	minor	-121	-209	-2.9	60
1550624789000	2019-02-20 01:06:29 UTC	ts	minor	-88	-209	-2.9	59
1550631632000	2019-02-20 03:00:32 UTC	ts	minor	54	54	0.8	60
1550654913000	2019-02-20 09:28:33 UTC	ts	minor	65	65	1.9	60
1550662875000	2019-02-20 11:41:15 UTC	ts	minor	-56	-56	-0.8	60
1550669285000	2019-02-20 13:28:05 UTC	ts	minor	54	54	1.6	60
1550669956000	2019-02-20 13:39:16 UTC	pdp	minor	79	79	1.8	60
1550669957000	2019-02-20 13:39:17 UTC	ts	minor	107	107	2.0	60
1550671139000	2019-02-20 13:58:59 UTC	ts	minor	63	63	1.2	60
1550680115000	2019-02-20 16:28:35 UTC	pdp	minor	56	56	1.8	60
1550683654000	2019-02-20 17:27:34 UTC	pdp	minor	94	94	1.4	60
1550685166000	2019-02-20 17:52:46 UTC	pdp	minor	57	57	2.2	60
1550685583000	2019-02-20 17:59:43 UTC	pdp	minor	75	75	2.1	60
1550691987000	2019-02-20 19:46:27 UTC	pdp	minor	79	79	1.6	60
1550692375000	2019-02-20 19:52:55 UTC	pdp	minor	70	70	1.4	60
1550693592000	2019-02-20 20:13:12 UTC	pdp	minor	53	53	1.6	60
1550696932000	2019-02-20 21:08:52 UTC	pdp	minor	-82	-82	0.1	60
1550715647000	2019-02-21 02:20:47 UTC	ts	minor	51	51	0.6	60
1550716334000	2019-02-21 02:32:14 UTC	ts	minor	54	54	0.8	60
1550752366000	2019-02-21 12:32:46 UTC	ts	minor	121	121	2.1	60
1550752918000	2019-02-21 12:41:58 UTC	ts	minor	52	52	1.4	60
1550757789000	2019-02-21 14:03:09 UTC	ts	minor	57	57	1.7	60
1550761697000	2019-02-21 15:08:17 UTC	ts	minor	73	73	1.2	60
1550762024000	2019-02-21 15:13:44 UTC	ts	minor	73	73	0.9	60
1550767007000	2019-02-21 16:36:47 UTC	ts	minor	53	53	1.6	60
1550770770000	2019-02-21 17:39:30 UTC	ts	minor	53	53	1.4	60
1550772343000	2019-02-21 18:05:43 UTC	ts	minor	-62	-62	1.8	60
1550799038000	2019-02-22 01:30:38 UTC	pdp	minor	59	59	0.8	60
1550836221000	2019-02-22 11:50:21 UTC	ts	minor	-63	-63	-2.7	60
1550839171000	2019-02-22 12:39:31 UTC	pdp	minor	92	92	0.8	60
1550846550000	2019-02-22 14:42:30 UTC	ts	minor	58	58	2.1	60
1550847369000	2019-02-22 14:56:09 UTC	ts	minor	65	65	2.8	60
1550848464000	2019-02-22 15:14:24 UTC	pdp	minor	57	57	2.0	60
1550848813000	2019-02-22 15:20:13 UTC	pdp	minor	67	67	1.6	60
1550848914000	2019-02-22 15:21:54 UTC	ts	minor	65	65	1.8	60
1550849281000	2019-02-22 15:28:01 UTC	ts	minor	-79	-79	2.5	60
1550851476000	2019-02-22 16:04:36 UTC	ts	minor	92	92	2.5	60
1550853962000	2019-02-22 16:46:02 UTC	ts	minor	84	84	3.0	60
1550854046000	2019-02-22 16:47:26 UTC	ts	minor	74	74	2.6	60
1550854266000	2019-02-22 16:51:06 UTC	ts	minor	64	64	3.2	60
1550854306000	2019-02-22 16:51:46 UTC	pdp	minor	86	86	2.6	60
1550856454000	2019-02-22 17:27:34 UTC	ts	minor	55	55	2.5	60
1550856495000	2019-02-22 17:28:15 UTC	ts	minor	62	62	1.0	59
1550856866000	2019-02-22 17:34:26 UTC	ts	minor	54	54	1.9	60
1550858166000	2019-02-22 17:56:06 UTC	ts	minor	66	66	0.9	60
1550859172000	2019-02-22 18:12:52 UTC	ts	minor	-57	-57	2.7	60
1550865199000	2019-02-22 19:53:19 UTC	pdp	minor	-52	-52	-2.3	60
1550869382000	2019-02-22 21:03:02 UTC	ts	audit	4360	4360	0.7	60
1550869446000	2019-02-22 21:04:06 UTC	pdp	audit	-20065	-20065	2.5	60
1550872276000	2019-02-22 21:51:16 UTC	pdp	minor	66	66	2.4	60
1550873621000	2019-02-22 22:13:41 UTC	pdp	minor	91	91	2.2	60
1550878373000	2019-02-22 23:32:53 UTC	pdp	minor	60	60	1.0	60
1550878413000	2019-02-22 23:33:33 UTC	pdp	minor	-71	-71	1.5	59
1550878443000	2019-02-22 23:34:03 UTC	pdp	minor	65	65	2.0	59
1550879677000	2019-02-22 23:54:37 UTC	pdp	minor	86	86	3.4	60
1550922925000	2019-02-23 11:55:25 UTC	pdp	minor	84	84	2.3	60
1550922925000	2019-02-23 11:55:25 UTC	ts	minor	53	53	1.7	60
1550923376000	2019-02-23 12:02:56 UTC	ts	minor	-115	-115	-1.8	60
1550950860000	2019-02-23 19:41:00 UTC	pdp	audit	1027	1027	2.8	60
1550951036000	2019-02-23 19:43:56 UTC	ts	audit	4102	4102	0.6	60
1550961983000	2019-02-23 22:46:23 UTC	ts	minor	83	167	0.3	60
1550961984000	2019-02-23 22:46:24 UTC	ts	minor	84	167	0.3	59
1550963732000	2019-02-23 23:15:32 UTC	ts	minor	-213	-213	0.3	60
1550964894000	2019-02-23 23:34:54 UTC	ts	minor	60	-46	1.2	60
1550964899000	2019-02-23 23:34:59 UTC	ts	minor	-106	-46	1.1	59
1550969157000	2019-02-24 00:45:57 UTC	ts	minor	53	53	0.6	60
1550976082000	2019-02-24 02:41:22 UTC	ts	minor	-284	-284	1.6	60
1550976450000	2019-02-24 02:47:30 UTC	pdp	minor	61	61	2.2	60
1551008852000	2019-02-24 11:47:32 UTC	ts	minor	-57	-244	-0.5	60
1551008863000	2019-02-24 11:47:43 UTC	ts	minor	-56	-244	-0.7	59
1551008864000	2019-02-24 11:47:44 UTC	ts	minor	-74	-244	-0.7	58
1551008874000	2019-02-24 11:47:54 UTC	ts	minor	-57	-244	-2.2	57
1551036880000	2019-02-24 19:34:40 UTC	pdp	audit	2739	2739	1.5	60
1551036881000	2019-02-24 19:34:41 UTC	ts	audit	5476	5476	1.1	60
1551094787000	2019-02-25 11:39:47 UTC	ts	minor	-55	-55	-1.6	60
1551112605000	2019-02-25 16:36:45 UTC	ts	minor	55	55	1.3	60
1551112928000	2019-02-25 16:42:08 UTC	pdp	minor	55	55	0.5	60
1551115597000	2019-02-25 17:26:37 UTC	ts	minor	89	89	0.5	60
1551117437000	2019-02-25 17:57:17 UTC	pdp	minor	-61	-61	0.8	60
1551119005000	2019-02-25 18:23:25 UTC	ts	minor	-57	7	1.5	60
1551119018000	2019-02-25 18:23:38 UTC	ts	minor	64	7	1.2	59
1551120845000	2019-02-25 18:54:05 UTC	ts	minor	101	101	-0.3	60
1551123211000	2019-02-25 19:33:31 UTC	pdp	audit	-3479	-3479	1.2	60
1551123253000	2019-02-25 19:34:13 UTC	ts	audit	1601	1601	0.5	60
1551130419000	2019-02-25 21:33:39 UTC	ts	minor	68	68	-0.3	60
1551130994000	2019-02-25 21:43:14 UTC	ts	minor	-60	-60	0.5	60
1551134149000	2019-02-25 22:35:49 UTC	pdp	minor	97	175	1.4	60
1551134150000	2019-02-25 22:35:50 UTC	pdp	minor	78	175	1.4	59
1551134199000	2019-02-25 22:36:39 UTC	pdp	minor	-72	-72	1.4	58
1551134464000	2019-02-25 22:41:04 UTC	pdp	minor	-58	-58	2.2	60
1551210174000	2019-02-26 19:42:54 UTC	ts	audit	2641	2641	0.5	60
1551210247000	2019-02-26 19:44:07 UTC	pdp	audit	-2262	-2262	0.4	60
1551267942000	2019-02-27 11:45:42 UTC	pdp	minor	-60	-60	-0.9	60
1551267950000	2019-02-27 11:45:50 UTC	ts	minor	-67	-67	-1.4	60
1551271593000	2019-02-27 12:46:33 UTC	ts	minor	60	60	2.5	60
1551287970000	2019-02-27 17:19:30 UTC	pdp	minor	69	69	-0.4	60
1551296386000	2019-02-27 19:39:46 UTC	pdp	audit	-1946	-1946	1.1	60
1551296781000	2019-02-27 19:46:21 UTC	ts	audit	1841	1841	1.1	60
1551305278000	2019-02-27 22:07:58 UTC	pdp	minor	55	55	0.0	60
1551307171000	2019-02-27 22:39:31 UTC	pdp	minor	51	51	0.7	60
1551351574000	2019-02-28 10:59:34 UTC	ts	minor	-73	-73	1.0	60
1551382498000	2019-02-28 19:34:58 UTC	pdp	audit	-2432	-2432	0.9	60
1551383335000	2019-02-28 19:48:55 UTC	ts	audit	2957	2957	0.7	60
1551430374000	2019-03-01 08:52:54 UTC	ts	minor	64	64	0.8	60
1551430401000	2019-03-01 08:53:21 UTC	ts	minor	65	65	1.6	59
1551441015000	2019-03-01 11:50:15 UTC	ts	minor	-80	-80	-1.0	60
1551469005000	2019-03-01 19:36:45 UTC	pdp	audit	-1881	-1881	1.0	60
1551469122000	2019-03-01 19:38:42 UTC	ts	audit	3158	3158	0.5	60
1551478749000	2019-03-01 22:19:09 UTC	pdp	minor	89	89	-0.5	60
1551524064000	2019-03-02 10:54:24 UTC	ts	minor	69	69	1.9	60
1551532465000	2019-03-02 13:14:25 UTC	ts	minor	58	58	1.8	60
1551543405000	2019-03-02 16:16:45 UTC	ts	minor	-121	-121	2.2	60
1551555482000	2019-03-02 19:38:02 UTC	pdp	audit	-2384	-2384	0.8	60
1551555493000	2019-03-02 19:38:13 UTC	ts	audit	4899	4899	0.6	60
1551557376000	2019-03-02 20:09:36 UTC	pdp	minor	58	58	2.5	60
1551597702000	2019-03-03 07:21:42 UTC	ts	minor	64	64	2.5	60
1551600073000	2019-03-03 08:01:13 UTC	ts	minor	65	65	1.3	60
1551609050000	2019-03-03 10:30:50 UTC	pdp	minor	-59	-59	-0.9	60
1551612642000	2019-03-03 11:30:42 UTC	ts	minor	70	70	2.5	60
1551625615000	2019-03-03 15:06:55 UTC	pdp	minor	88	88	0.4	60
1551640991000	2019-03-03 19:23:11 UTC	ts	audit	7342	7342	0.5	60
1551641584000	2019-03-03 19:33:04 UTC	pdp	audit	-2407	-2407	2.4	60
1551682241000	2019-03-04 06:50:41 UTC	ts	minor	71	71	0.6	60
1551689287000	2019-03-04 08:48:07 UTC	ts	minor	54	54	1.0	60
1551689397000	2019-03-04 08:49:57 UTC	ts	minor	54	54	1.1	60
1551695337000	2019-03-04 10:28:57 UTC	ts	minor	61	61	0.8	60
1551698999000	2019-03-04 11:29:59 UTC	ts	minor	65	65	2.6	60
1551701131000	2019-03-04 12:05:31 UTC	ts	minor	84	84	1.7	60
1551701377000	2019-03-04 12:09:37 UTC	pdp	minor	51	51	2.5	60
1551702614000	2019-03-04 12:30:14 UTC	ts	minor	109	109	1.8	60
1551702629000	2019-03-04 12:30:29 UTC	pdp	minor	-59	-59	-1.3	60
1551702794000	2019-03-04 12:33:14 UTC	ts	minor	78	78	1.8	60
1551714013000	2019-03-04 15:40:13 UTC	pdp	minor	52	52	1.2	60
1551728194000	2019-03-04 19:36:34 UTC	ts	audit	5833	5833	0.9	60
1551730425000	2019-03-04 20:13:45 UTC	pdp	minor	52	52	1.8	60
1551764597000	2019-03-05 05:43:17 UTC	ts	minor	84	84	0.3	60
1551787225000	2019-03-05 12:00:25 UTC	pdp	minor	91	91	-0.1	60
1551802958000	2019-03-05 16:22:38 UTC	ts	minor	70	70	1.2	60
1551814815000	2019-03-05 19:40:15 UTC	ts	audit	2529	2529	0.7	60
1551815173000	2019-03-05 19:46:13 UTC	pdp	audit	-1921	-1921	1.0	60
1551851539000	2019-03-06 05:52:19 UTC	pdp	minor	137	137	1.6	60
1551858432000	2019-03-06 07:47:12 UTC	ts	minor	91	91	1.5	60
1551882564000	2019-03-06 14:29:24 UTC	ts	minor	83	83	0.8	60
1551886654000	2019-03-06 15:37:34 UTC	ts	minor	90	90	0.6	60
1551890983000	2019-03-06 16:49:43 UTC	ts	minor	53	53	1.6	60
1551893304000	2019-03-06 17:28:24 UTC	ts	minor	64	64	1.2	60
1551900893000	2019-03-06 19:34:53 UTC	pdp	audit	-2185	-2185	1.0	60
1551900895000	2019-03-06 19:34:55 UTC	ts	audit	2962	2962	0.6	60
1551953135000	2019-03-07 10:05:35 UTC	ts	minor	54	54	1.9	60
1551986349000	2019-03-07 19:19:09 UTC	ts	audit	4126	4126	0.9	60
1551986391000	2019-03-07 19:19:51 UTC	pdp	minor	-317	-317	0.8	60
1552033321000	2019-03-08 08:22:01 UTC	ts	minor	-56	-56	2.0	60
1552041026000	2019-03-08 10:30:26 UTC	pdp	minor	98	98	-0.8	60
1552042191000	2019-03-08 10:49:51 UTC	pdp	minor	84	84	-0.1	60
1552054019000	2019-03-08 14:06:59 UTC	ts	minor	89	89	0.6	60
1552054957000	2019-03-08 14:22:37 UTC	pdp	minor	-61	-61	2.8	60
1552073351000	2019-03-08 19:29:11 UTC	pdp	audit	-2676	-2676	2.4	60
1552073449000	2019-03-08 19:30:49 UTC	ts	audit	3339	3339	0.9	60
1552084687000	2019-03-08 22:38:07 UTC	pdp	minor	72	72	0.6	60
1552098146000	2019-03-09 02:22:26 UTC	pdp	minor	55	55	1.2	60
1552098190000	2019-03-09 02:23:10 UTC	pdp	minor	-54	-54	1.4	59
1552100402000	2019-03-09 03:00:02 UTC	pdp	minor	-57	-57	1.6	60
1552103684000	2019-03-09 03:54:44 UTC	pdp	minor	55	55	1.7	60
1552104145000	2019-03-09 04:02:25 UTC	pdp	minor	53	53	1.6	60
1552119313000	2019-03-09 08:15:13 UTC	ts	minor	90	90	1.7	60
1552119571000	2019-03-09 08:19:31 UTC	ts	minor	65	65	0.9	60
1552141831000	2019-03-09 14:30:31 UTC	pdp	minor	-69	-69	-1.6	60
1552144968000	2019-03-09 15:22:48 UTC	ts	minor	57	57	2.1	60
1552159761000	2019-03-09 19:29:21 UTC	pdp	audit	-1473	-1473	3.1	60
1552160320000	2019-03-09 19:38:40 UTC	ts	audit	4556	4556	0.9	60
1552160358000	2019-03-09 19:39:18 UTC	ts	minor	-54	-54	1.3	59
1552243273000	2019-03-10 18:41:13 UTC	pdp	audit	-2562	-2562	2.1	60
1552243389000	2019-03-10 18:43:09 UTC	ts	audit	3238	3238	1.0	60
1552283645000	2019-03-11 05:54:05 UTC	ts	minor	69	69	0.3	60
1552305231000	2019-03-11 11:53:51 UTC	pdp	minor	58	58	1.1	60
1552305231000	2019-03-11 11:53:51 UTC	ts	minor	71	71	2.1	60
1552313029000	2019-03-11 14:03:49 UTC	ts	minor	77	77	3.2	60
1552313078000	2019-03-11 14:04:38 UTC	ts	minor	103	103	1.7	59
1552317700000	2019-03-11 15:21:40 UTC	pdp	minor	-90	-90	2.8	60
1552318082000	2019-03-11 15:28:02 UTC	ts	minor	76	76	2.7	60
1552318103000	2019-03-11 15:28:23 UTC	pdp	minor	-200	18	3.8	60
1552318118000	2019-03-11 15:28:38 UTC	pdp	minor	218	18	3.3	59
1552318247000	2019-03-11 15:30:47 UTC	pdp	minor	70	70	1.6	60
1552318301000	2019-03-11 15:31:41 UTC	pdp	minor	68	68	2.2	59
1552318551000	2019-03-11 15:35:51 UTC	pdp	minor	114	114	3.6	60
1552323747000	2019-03-11 17:02:27 UTC	ts	minor	129	129	2.9	60
1552325825000	2019-03-11 17:37:05 UTC	ts	minor	60	60	2.5	60
1552325828000	2019-03-11 17:37:08 UTC	pdp	minor	97	97	2.9	60
1552330645000	2019-03-11 18:57:25 UTC	pdp	minor	83	83	1.7	60
1552330821000	2019-03-11 19:00:21 UTC	pdp	minor	71	71	2.3	60
1552333610000	2019-03-11 19:46:50 UTC	ts	audit	6187	6187	0.9	60
1552334927000	2019-03-11 20:08:47 UTC	pdp	audit	-13281	-13281	5.3	60
1552336388000	2019-03-11 20:33:08 UTC	pdp	minor	219	219	5.0	60
1552338003000	2019-03-11 21:00:03 UTC	pdp	minor	90	90	3.5	60
1552340343000	2019-03-11 21:39:03 UTC	pdp	minor	122	122	1.9	60
1552342720000	2019-03-11 22:18:40 UTC	pdp	minor	89	89	0.2	60
1552363533000	2019-03-12 04:05:33 UTC	pdp	minor	141	141	0.8	60
1552370017000	2019-03-12 05:53:37 UTC	pdp	minor	113	113	1.1	60
1552370017000	2019-03-12 05:53:37 UTC	ts	minor	170	170	2.0	60
1552374559000	2019-03-12 07:09:19 UTC	ts	minor	69	69	1.1	60
1552379655000	2019-03-12 08:34:15 UTC	ts	minor	59	59	2.1	60
1552385202000	2019-03-12 10:06:42 UTC	ts	minor	164	164	2.1	60
1552385825000	2019-03-12 10:17:05 UTC	ts	minor	100	100	1.3	60
1552393027000	2019-03-12 12:17:07 UTC	pdp	minor	54	54	1.7	60
1552395232000	2019-03-12 12:53:52 UTC	pdp	minor	-60	-60	2.8	60
1552405759000	2019-03-12 15:49:19 UTC	pdp	minor	93	93	3.4	60
1552415164000	2019-03-12 18:26:04 UTC	ts	audit	6447	6447	2.1	60
1552415178000	2019-03-12 18:26:18 UTC	pdp	audit	11681	11681	3.2	60
1552418697000	2019-03-12 19:24:57 UTC	pdp	minor	104	104	0.9	60
1552423284000	2019-03-12 20:41:24 UTC	ts	minor	-65	-65	1.9	60
1552425815000	2019-03-12 21:23:35 UTC	ts	minor	-69	-69	0.5	60
1552427634000	2019-03-12 21:53:54 UTC	ts	minor	67	67	0.8	60
1552428446000	2019-03-12 22:07:26 UTC	ts	minor	53	53	0.3	60
1552428999000	2019-03-12 22:16:39 UTC	ts	minor	-53	-53	0.7	60
1552429647000	2019-03-12 22:27:27 UTC	ts	minor	-58	-58	1.7	60
1552431157000	2019-03-12 22:52:37 UTC	ts	minor	-60	-60	1.6	60
1552432745000	2019-03-12 23:19:05 UTC	ts	minor	-64	-64	0.7	60
1552432963000	2019-03-12 23:22:43 UTC	ts	minor	-57	-57	0.8	60
1552437910000	2019-03-13 00:45:10 UTC	ts	minor	-61	-61	1.6	60
1552442628000	2019-03-13 02:03:48 UTC	ts	minor	70	70	1.1	60
1552443570000	2019-03-13 02:19:30 UTC	pdp	minor	58	58	1.5	60
1552443911000	2019-03-13 02:25:11 UTC	ts	minor	-55	-55	2.4	60
1552446990000	2019-03-13 03:16:30 UTC	ts	minor	-56	-56	2.6	60
1552448361000	2019-03-13 03:39:21 UTC	ts	minor	62	62	0.8	60
1552480222000	2019-03-13 12:30:22 UTC	ts	minor	99	99	2.8	60
1552481330000	2019-03-13 12:48:50 UTC	pdp	minor	86	86	1.7	60
1552488584000	2019-03-13 14:49:44 UTC	pdp	minor	90	90	2.2	60
1552493520000	2019-03-13 16:12:00 UTC	pdp	minor	71	71	2.6	60
1552494649000	2019-03-13 16:30:49 UTC	pdp	minor	64	64	2.2	60
1552495878000	2019-03-13 16:51:18 UTC	ts	minor	90	90	2.0	60
1552496132000	2019-03-13 16:55:32 UTC	pdp	minor	70	70	2.4	60
1552496466000	2019-03-13 17:01:06 UTC	ts	minor	87	87	2.1	60
1552496715000	2019-03-13 17:05:15 UTC	pdp	minor	63	63	2.8	60
1552496762000	2019-03-13 17:06:02 UTC	pdp	minor	63	63	1.6	59
1552502098000	2019-03-13 18:34:58 UTC	pdp	audit	-2872	-2872	1.4	60
1552502251000	2019-03-13 18:37:31 UTC	ts	audit	4908	4908	2.5	60
1552515000000	2019-03-13 22:10:00 UTC	pdp	minor	61	61	1.4	60
1552519055000	2019-03-13 23:17:35 UTC	pdp	minor	51	51	0.6	60
1552525242000	2019-03-14 01:00:42 UTC	pdp	minor	66	66	1.3	60
1552532697000	2019-03-14 03:04:57 UTC	ts	minor	63	63	1.9	60
1552570597000	2019-03-14 13:36:37 UTC	ts	minor	94	94	1.1	60
1552570815000	2019-03-14 13:40:15 UTC	pdp	minor	57	57	1.3	60
1552576094000	2019-03-14 15:08:14 UTC	pdp	minor	-421	-421	3.8	60
1552576094000	2019-03-14 15:08:14 UTC	ts	minor	-397	-397	2.4	60
1552579621000	2019-03-14 16:07:01 UTC	pdp	minor	66	66	2.0	60
1552588828000	2019-03-14 18:40:28 UTC	pdp	minor	123	123	2.4	60
1552589411000	2019-03-14 18:50:11 UTC	ts	audit	6131	6131	1.1	60
1552665478000	2019-03-15 15:57:58 UTC	pdp	minor	69	69	1.7	60
1552675325000	2019-03-15 18:42:05 UTC	pdp	minor	-378	-378	2.2	60
1552675428000	2019-03-15 18:43:48 UTC	ts	audit	5364	5364	1.5	60
1552679111000	2019-03-15 19:45:11 UTC	pdp	minor	61	61	1.5	60
1552755919000	2019-03-16 17:05:19 UTC	pdp	minor	55	55	1.9	60
1552762652000	2019-03-16 18:57:32 UTC	ts	audit	3214	3305	1.9	60
1552762658000	2019-03-16 18:57:38 UTC	ts	audit	91	3305	1.6	59
1552763033000	2019-03-16 19:03:53 UTC	pdp	audit	-3432	-3432	1.4	60
1552764924000	2019-03-16 19:35:24 UTC	pdp	minor	75	75	1.8	60
1552768317000	2019-03-16 20:31:57 UTC	pdp	minor	59	59	1.2	60
1552769462000	2019-03-16 20:51:02 UTC	pdp	minor	147	147	2.2	60
1552797325000	2019-03-17 04:35:25 UTC	pdp	minor	52	52	1.6	60
1552797325000	2019-03-17 04:35:25 UTC	ts	minor	82	82	2.5	60
1552798459000	2019-03-17 04:54:19 UTC	pdp	minor	63	63	1.2	60
1552798459000	2019-03-17 04:54:19 UTC	ts	minor	86	86	2.2	60
1552803045000	2019-03-17 06:10:45 UTC	ts	minor	73	73	2.5	60
1552826539000	2019-03-17 12:42:19 UTC	pdp	minor	115	115	4.8	60
1552833909000	2019-03-17 14:45:09 UTC	pdp	minor	80	80	2.6	60
1552833909000	2019-03-17 14:45:09 UTC	ts	minor	108	108	2.7	60
1552838031000	2019-03-17 15:53:51 UTC	ts	minor	63	63	2.4	60
1552839389000	2019-03-17 16:16:29 UTC	ts	minor	90	90	2.1	60
1552840685000	2019-03-17 16:38:05 UTC	pdp	minor	71	71	2.5	60
1552847504000	2019-03-17 18:31:44 UTC	ts	audit	7709	7709	1.5	60
1552847570000	2019-03-17 18:32:50 UTC	pdp	audit	2334	2334	2.3	60
1552849545000	2019-03-17 19:05:45 UTC	ts	minor	-63	-63	1.2	60
1552882292000	2019-03-18 04:11:32 UTC	ts	minor	56	56	0.6	60
1552883108000	2019-03-18 04:25:08 UTC	ts	minor	-62	76	3.0	60
1552883117000	2019-03-18 04:25:17 UTC	ts	minor	71	76	2.7	59
1552883145000	2019-03-18 04:25:45 UTC	ts	minor	67	76	0.7	58
1552883383000	2019-03-18 04:29:43 UTC	ts	minor	62	62	1.7	60
1552883608000	2019-03-18 04:33:28 UTC	ts	minor	65	65	0.5	60
1552884006000	2019-03-18 04:40:06 UTC	ts	minor	72	72	0.3	60
1552884227000	2019-03-18 04:43:47 UTC	ts	minor	-57	-57	2.0	60
1552885090000	2019-03-18 04:58:10 UTC	ts	minor	58	58	1.9	60
1552885250000	2019-03-18 05:00:50 UTC	ts	minor	52	52	1.9	60
1552885506000	2019-03-18 05:05:06 UTC	ts	minor	51	51	1.2	60
1552903389000	2019-03-18 10:03:09 UTC	pdp	minor	64	64	2.4	60
1552903399000	2019-03-18 10:03:19 UTC	ts	minor	91	91	2.7	60
1552903636000	2019-03-18 10:07:16 UTC	ts	minor	76	76	3.2	60
1552905527000	2019-03-18 10:38:47 UTC	ts	minor	65	65	1.2	60
1552911578000	2019-03-18 12:19:38 UTC	pdp	minor	103	103	3.2	60
1552918331000	2019-03-18 14:12:11 UTC	pdp	minor	72	72	2.1	60
1552922266000	2019-03-18 15:17:46 UTC	pdp	minor	98	98	1.3	60
1552923477000	2019-03-18 15:37:57 UTC	pdp	minor	69	69	2.9	60
1552928423000	2019-03-18 17:00:23 UTC	pdp	minor	-130	-130	2.2	60
1552934529000	2019-03-18 18:42:09 UTC	pdp	audit	-2685	-2685	2.2	60
1552934969000	2019-03-18 18:49:29 UTC	ts	audit	3728	3728	1.8	60
1552935059000	2019-03-18 18:50:59 UTC	pdp	minor	81	81	1.5	60
1552935059000	2019-03-18 18:50:59 UTC	ts	minor	-149	-149	1.6	60
1552935613000	2019-03-18 19:00:13 UTC	pdp	minor	99	99	2.8	60
1552935966000	2019-03-18 19:06:06 UTC	pdp	minor	69	69	3.1	60
1552942266000	2019-03-18 20:51:06 UTC	pdp	minor	67	67	1.5	60
1552942870000	2019-03-18 21:01:10 UTC	pdp	minor	71	71	1.8	60
1552974078000	2019-03-19 05:41:18 UTC	ts	minor	51	51	1.3	60
1552979685000	2019-03-19 07:14:45 UTC	ts	minor	65	65	1.0	60
1552982066000	2019-03-19 07:54:26 UTC	pdp	minor	89	89	-0.1	60
1552982123000	2019-03-19 07:55:23 UTC	pdp	minor	69	69	-0.8	59
1552982214000	2019-03-19 07:56:54 UTC	pdp	minor	-57	-57	1.1	60
1552982246000	2019-03-19 07:57:26 UTC	pdp	minor	65	-13	0.3	59
1552982268000	2019-03-19 07:57:48 UTC	pdp	minor	-78	-13	0.7	58
1552982310000	2019-03-19 07:58:30 UTC	pdp	minor	-82	-7	2.1	59
1552982321000	2019-03-19 07:58:41 UTC	pdp	minor	75	-7	2.0	58
1552982386000	2019-03-19 07:59:46 UTC	pdp	minor	85	85	-0.8	60
1552982676000	2019-03-19 08:04:36 UTC	pdp	minor	75	152	-1.3	60
1552982677000	2019-03-19 08:04:37 UTC	pdp	minor	77	152	-1.4	59
1552982838000	2019-03-19 08:07:18 UTC	pdp	minor	145	145	-1.6	60
1552982991000	2019-03-19 08:09:51 UTC	pdp	minor	-55	-166	1.5	60
1552982992000	2019-03-19 08:09:52 UTC	pdp	minor	-56	-166	1.5	59
1552982993000	2019-03-19 08:09:53 UTC	pdp	minor	-55	-166	1.5	58
1552983036000	2019-03-19 08:10:36 UTC	pdp	minor	153	36	0.8	57
1552983050000	2019-03-19 08:10:50 UTC	pdp	minor	-59	36	1.2	56
1552983051000	2019-03-19 08:10:51 UTC	pdp	minor	-58	36	1.1	55
1552983171000	2019-03-19 08:12:51 UTC	pdp	minor	157	157	-3.2	60
1552983207000	2019-03-19 08:13:27 UTC	pdp	minor	134	202	-1.8	59
1552983208000	2019-03-19 08:13:28 UTC	pdp	minor	68	202	-1.8	58
1552986526000	2019-03-19 09:08:46 UTC	ts	minor	72	72	3.0	60
1552988982000	2019-03-19 09:49:42 UTC	ts	minor	84	84	1.7	60
1553001274000	2019-03-19 13:14:34 UTC	pdp	minor	53	53	1.9	60
1553002630000	2019-03-19 13:37:10 UTC	pdp	minor	73	73	2.7	60
1553002630000	2019-03-19 13:37:10 UTC	ts	minor	83	83	2.5	60
1553009931000	2019-03-19 15:38:51 UTC	pdp	minor	92	92	2.0	60
1553012851000	2019-03-19 16:27:31 UTC	ts	minor	95	95	1.4	60
1553013343000	2019-03-19 16:35:43 UTC	pdp	minor	55	55	2.5	60
1553013381000	2019-03-19 16:36:21 UTC	ts	minor	89	89	2.5	60
1553013503000	2019-03-19 16:38:23 UTC	ts	minor	72	72	2.0	60
1553016685000	2019-03-19 17:31:25 UTC	pdp	minor	55	55	1.8	60
1553020390000	2019-03-19 18:33:10 UTC	pdp	audit	769	769	1.0	60
1553020846000	2019-03-19 18:40:46 UTC	ts	audit	7535	7535	1.1	60
1553051267000	2019-03-20 03:07:47 UTC	ts	minor	54	54	1.4	60
1553069432000	2019-03-20 08:10:32 UTC	pdp	minor	53	53	2.3	60
1553070682000	2019-03-20 08:31:22 UTC	pdp	minor	127	127	3.7	60
1553071277000	2019-03-20 08:41:17 UTC	pdp	minor	75	75	3.3	60
1553071762000	2019-03-20 08:49:22 UTC	pdp	minor	67	67	2.0	60
1553071897000	2019-03-20 08:51:37 UTC	ts	minor	107	107	2.0	60
1553090078000	2019-03-20 13:54:38 UTC	pdp	minor	-51	-51	0.1	60
1553095684000	2019-03-20 15:28:04 UTC	pdp	minor	66	66	2.6	60
1553096694000	2019-03-20 15:44:54 UTC	ts	minor	71	71	1.9	60
1553097639000	2019-03-20 16:00:39 UTC	ts	minor	75	75	1.9	60
1553099631000	2019-03-20 16:33:51 UTC	ts	minor	66	66	2.1	60
1553102435000	2019-03-20 17:20:35 UTC	pdp	minor	89	89	1.4	60
1553106578000	2019-03-20 18:29:38 UTC	pdp	audit	-2908	-2908	2.4	60
1553106714000	2019-03-20 18:31:54 UTC	ts	audit	10592	10660	1.6	60
1553106715000	2019-03-20 18:31:55 UTC	ts	audit	68	10660	1.5	59
1553106875000	2019-03-20 18:34:35 UTC	pdp	minor	66	66	2.5	60
1553107235000	2019-03-20 18:40:35 UTC	pdp	minor	108	108	2.5	60
1553119127000	2019-03-20 21:58:47 UTC	pdp	minor	-85	-85	-1.5	60
1553138484000	2019-03-21 03:21:24 UTC	ts	minor	494	494	1.5	60
1553140123000	2019-03-21 03:48:43 UTC	ts	minor	65	65	1.9	60
1553142074000	2019-03-21 04:21:14 UTC	ts	minor	92	92	2.4	60
1553143935000	2019-03-21 04:52:15 UTC	ts	minor	87	87	1.2	60
1553144056000	2019-03-21 04:54:16 UTC	ts	minor	75	75	0.6	60
1553144928000	2019-03-21 05:08:48 UTC	ts	minor	75	75	2.9	60
1553147874000	2019-03-21 05:57:54 UTC	ts	minor	91	91	2.4	60
1553147953000	2019-03-21 05:59:13 UTC	ts	minor	98	98	2.1	60
1553148304000	2019-03-21 06:05:04 UTC	ts	minor	71	71	2.6	60
1553148898000	2019-03-21 06:14:58 UTC	ts	minor	109	109	2.5	60
1553153498000	2019-03-21 07:31:38 UTC	pdp	minor	63	63	1.2	60
1553154261000	2019-03-21 07:44:21 UTC	ts	minor	93	93	2.3	60
1553156260000	2019-03-21 08:17:40 UTC	ts	minor	97	97	2.2	60
1553157558000	2019-03-21 08:39:18 UTC	ts	minor	110	110	2.7	60
1553158243000	2019-03-21 08:50:43 UTC	ts	minor	101	101	2.4	60
1553162332000	2019-03-21 09:58:52 UTC	ts	minor	100	100	1.9	60
1553162854000	2019-03-21 10:07:34 UTC	ts	minor	60	60	2.8	60
1553163944000	2019-03-21 10:25:44 UTC	pdp	minor	-84	-84	-1.4	60
1553169548000	2019-03-21 11:59:08 UTC	pdp	minor	-73	-73	-0.8	60
1553172602000	2019-03-21 12:50:02 UTC	pdp	minor	94	94	3.5	60
1553174087000	2019-03-21 13:14:47 UTC	pdp	minor	73	73	3.5	60
1553176291000	2019-03-21 13:51:31 UTC	pdp	minor	103	103	3.7	60
1553177769000	2019-03-21 14:16:09 UTC	ts	minor	97	97	2.3	60
1553178505000	2019-03-21 14:28:25 UTC	ts	minor	72	72	3.1	60
1553180062000	2019-03-21 14:54:22 UTC	ts	minor	100	100	3.1	60
1553180272000	2019-03-21 14:57:52 UTC	ts	minor	74	74	2.6	60
1553182042000	2019-03-21 15:27:22 UTC	pdp	minor	128	128	4.6	60
1553183026000	2019-03-21 15:43:46 UTC	ts	minor	99	99	1.8	60
1553184253000	2019-03-21 16:04:13 UTC	pdp	minor	95	95	0.2	60
1553185386000	2019-03-21 16:23:06 UTC	ts	minor	101	101	2.1	60
1553185811000	2019-03-21 16:30:11 UTC	pdp	minor	92	92	3.1	60
1553185891000	2019-03-21 16:31:31 UTC	pdp	minor	91	91	3.6	60
1553186187000	2019-03-21 16:36:27 UTC	pdp	minor	89	89	3.0	60
1553188349000	2019-03-21 17:12:29 UTC	pdp	minor	129	129	2.3	60
1553189514000	2019-03-21 17:31:54 UTC	pdp	minor	59	59	2.6	60
1553190010000	2019-03-21 17:40:10 UTC	pdp	minor	92	92	2.5	60
1553190119000	2019-03-21 17:41:59 UTC	pdp	minor	70	70	2.4	60
1553190767000	2019-03-21 17:52:47 UTC	pdp	minor	55	55	1.6	60
1553191521000	2019-03-21 18:05:21 UTC	pdp	minor	51	51	0.9	60
1553191730000	2019-03-21 18:08:50 UTC	pdp	minor	66	66	1.4	60
1553193726000	2019-03-21 18:42:06 UTC	ts	audit	15705	15705	1.9	60
1553194109000	2019-03-21 18:48:29 UTC	pdp	minor	107	107	2.5	60
1553194256000	2019-03-21 18:50:56 UTC	pdp	audit	-4005	-4005	4.5	60
1553194491000	2019-03-21 18:54:51 UTC	pdp	minor	82	82	3.9	60
1553194552000	2019-03-21 18:55:52 UTC	pdp	minor	95	95	3.6	60
1553200042000	2019-03-21 20:27:22 UTC	pdp	minor	54	54	1.8	60
1553207566000	2019-03-21 22:32:46 UTC	pdp	minor	85	85	0.2	60
1553215879000	2019-03-22 00:51:19 UTC	pdp	minor	65	65	1.0	60
1553231228000	2019-03-22 05:07:08 UTC	ts	minor	61	61	0.6	60
1553234652000	2019-03-22 06:04:12 UTC	ts	minor	61	61	1.8	60
1553249450000	2019-03-22 10:10:50 UTC	pdp	minor	68	68	0.5	60
1553252629000	2019-03-22 11:03:49 UTC	pdp	minor	52	52	1.5	60
1553256883000	2019-03-22 12:14:43 UTC	ts	minor	59	59	2.0	60
1553259230000	2019-03-22 12:53:50 UTC	pdp	minor	72	72	2.4	60
1553260848000	2019-03-22 13:20:48 UTC	ts	minor	61	61	2.5	60
1553261808000	2019-03-22 13:36:48 UTC	pdp	minor	52	52	2.1	60
1553262056000	2019-03-22 13:40:56 UTC	pdp	minor	82	82	2.1	60
1553263352000	2019-03-22 14:02:32 UTC	pdp	minor	-90	-90	-1.7	60
1553263558000	2019-03-22 14:05:58 UTC	pdp	minor	89	89	3.9	60
1553265308000	2019-03-22 14:35:08 UTC	ts	minor	81	81	2.0	60
1553266904000	2019-03-22 15:01:44 UTC	ts	minor	70	70	3.3	60
1553269224000	2019-03-22 15:40:24 UTC	ts	minor	73	73	2.1	60
1553270500000	2019-03-22 16:01:40 UTC	pdp	minor	-63	-63	-1.1	60
1553273359000	2019-03-22 16:49:19 UTC	ts	minor	92	92	1.3	60
1553279577000	2019-03-22 18:32:57 UTC	ts	audit	8881	8881	1.4	60
1553279967000	2019-03-22 18:39:27 UTC	pdp	audit	1800	1800	2.8	60
1553280615000	2019-03-22 18:50:15 UTC	ts	minor	52	52	0.8	60
1553289555000	2019-03-22 21:19:15 UTC	pdp	minor	57	57	2.1	60
1553301001000	2019-03-23 00:30:01 UTC	pdp	minor	55	55	1.3	60
1553314442000	2019-03-23 04:14:02 UTC	pdp	minor	57	57	1.4	60
1553314442000	2019-03-23 04:14:02 UTC	ts	minor	110	110	2.7	60
1553317417000	2019-03-23 05:03:37 UTC	ts	minor	61	61	0.9	60
1553331234000	2019-03-23 08:53:54 UTC	ts	minor	51	51	2.1	60
1553335408000	2019-03-23 10:03:28 UTC	ts	minor	-77	-77	2.2	60
1553335979000	2019-03-23 10:12:59 UTC	ts	minor	57	57	1.8	60
1553346944000	2019-03-23 13:15:44 UTC	pdp	minor	145	145	1.9	60
1553346944000	2019-03-23 13:15:44 UTC	ts	minor	129	129	2.1	60
1553348196000	2019-03-23 13:36:36 UTC	pdp	minor	112	112	2.0	60
1553363939000	2019-03-23 17:58:59 UTC	pdp	minor	-60	-60	0.2	60
1553364098000	2019-03-23 18:01:38 UTC	ts	minor	108	108	0.0	60
1553365774000	2019-03-23 18:29:34 UTC	pdp	audit	-1175	-1175	2.5	60
1553365895000	2019-03-23 18:31:35 UTC	ts	audit	5239	5239	1.1	60
1553367020000	2019-03-23 18:50:20 UTC	pdp	minor	81	81	2.1	60
1553367265000	2019-03-23 18:54:25 UTC	ts	minor	77	77	0.2	60
1553377424000	2019-03-23 21:43:44 UTC	pdp	minor	86	86	1.1	60
1553378831000	2019-03-23 22:07:11 UTC	pdp	minor	53	53	0.8	60
1553438675000	2019-03-24 14:44:35 UTC	ts	minor	52	52	1.6	60
1553439439000	2019-03-24 14:57:19 UTC	ts	minor	57	57	1.8	60
1553439994000	2019-03-24 15:06:34 UTC	pdp	minor	53	53	1.0	60
1553447727000	2019-03-24 17:15:27 UTC	pdp	minor	53	53	1.1	60
1553450387000	2019-03-24 17:59:47 UTC	pdp	minor	51	51	0.5	60
1553451633000	2019-03-24 18:20:33 UTC	ts	audit	5517	5517	1.7	60
1553451667000	2019-03-24 18:21:07 UTC	pdp	audit	-909	-909	2.0	60
1553456596000	2019-03-24 19:43:16 UTC	pdp	minor	73	73	2.5	60
1553461852000	2019-03-24 21:10:52 UTC	pdp	minor	53	53	1.2	60
1553538758000	2019-03-25 18:32:38 UTC	pdp	audit	-2053	-2053	1.8	60
1553538881000	2019-03-25 18:34:41 UTC	ts	audit	3896	3896	1.5	60
1553551294000	2019-03-25 22:01:34 UTC	pdp	minor	-51	-51	-2.4	60
1553552102000	2019-03-25 22:15:02 UTC	pdp	minor	80	80	0.7	60
1553619569000	2019-03-26 16:59:29 UTC	pdp	minor	58	58	1.9	60
1553619569000	2019-03-26 16:59:29 UTC	ts	minor	62	62	1.9	60
1553622614000	2019-03-26 17:50:14 UTC	ts	minor	59	59	1.7	60
1553622615000	2019-03-26 17:50:15 UTC	pdp	minor	76	76	1.7	60
1553624701000	2019-03-26 18:25:01 UTC	ts	audit	4405	4405	1.6	60
1553625161000	2019-03-26 18:32:41 UTC	pdp	audit	-2761	-2761	1.9	60
1553663575000	2019-03-27 05:12:55 UTC	ts	minor	64	64	0.9	60
1553685790000	2019-03-27 11:23:10 UTC	ts	minor	59	59	0.5	60
1553685885000	2019-03-27 11:24:45 UTC	ts	minor	65	65	0.1	60
1553691054000	2019-03-27 12:50:54 UTC	pdp	minor	58	58	0.8	60
1553692452000	2019-03-27 13:14:12 UTC	pdp	minor	84	84	0.9	60
1553692783000	2019-03-27 13:19:43 UTC	ts	minor	86	86	1.0	60
1553693788000	2019-03-27 13:36:28 UTC	pdp	minor	59	59	0.7	60
1553694431000	2019-03-27 13:47:11 UTC	ts	minor	52	52	1.8	60
1553695309000	2019-03-27 14:01:49 UTC	ts	minor	64	64	1.6	60
1553697464000	2019-03-27 14:37:44 UTC	ts	minor	68	68	1.2	60
1553698838000	2019-03-27 15:00:38 UTC	pdp	minor	59	59	0.8	60
1553699354000	2019-03-27 15:09:14 UTC	ts	minor	91	91	0.9	60
1553703288000	2019-03-27 16:14:48 UTC	pdp	minor	78	78	1.7	60
1553703292000	2019-03-27 16:14:52 UTC	ts	minor	62	62	2.0	60
1553711194000	2019-03-27 18:26:34 UTC	ts	audit	5371	5371	1.1	60
1553711246000	2019-03-27 18:27:26 UTC	pdp	audit	2294	2294	1.2	60
1553742515000	2019-03-28 03:08:35 UTC	ts	minor	54	54	1.7	60
1553782374000	2019-03-28 14:12:54 UTC	ts	minor	82	82	1.1	60
1553794418000	2019-03-28 17:33:38 UTC	ts	minor	55	55	1.1	60
1553797525000	2019-03-28 18:25:25 UTC	ts	audit	4393	4393	1.2	60
1553797627000	2019-03-28 18:27:07 UTC	pdp	minor	-579	-579	1.9	60
1553832254000	2019-03-29 04:04:14 UTC	pdp	minor	56	56	0.3	60
1553884515000	2019-03-29 18:35:15 UTC	pdp	audit	-9890	-9890	1.4	60
1553884617000	2019-03-29 18:36:57 UTC	ts	audit	-800	-800	1.0	60
1553891884000	2019-03-29 20:38:04 UTC	pdp	minor	59	59	1.0	60
1553928085000	2019-03-30 06:41:25 UTC	ts	minor	98	98	2.0	60
1553934880000	2019-03-30 08:34:40 UTC	pdp	minor	95	95	1.0	60
1553934880000	2019-03-30 08:34:40 UTC	ts	minor	155	155	2.3	60
1553970931000	2019-03-30 18:35:31 UTC	pdp	audit	-1579	-1579	2.1	60
1553971081000	2019-03-30 18:38:01 UTC	ts	audit	2392	2392	1.0	60
1554005995000	2019-03-31 04:19:55 UTC	ts	minor	86	86	1.4	60
1554019698000	2019-03-31 08:08:18 UTC	ts	minor	55	55	1.5	60
1554035847000	2019-03-31 12:37:27 UTC	ts	minor	59	59	1.7	60
1554052461000	2019-03-31 17:14:21 UTC	ts	minor	-55	-55	1.6	60
1554055810000	2019-03-31 18:10:10 UTC	pdp	minor	80	80	2.7	60
1554056612000	2019-03-31 18:23:32 UTC	pdp	minor	181	181	2.8	60
1554056612000	2019-03-31 18:23:32 UTC	ts	minor	75	75	1.1	60
1554056978000	2019-03-31 18:29:38 UTC	pdp	minor	82	82	1.3	60
1554057637000	2019-03-31 18:40:37 UTC	pdp	audit	94	-3842	3.7	60
1554057650000	2019-03-31 18:40:50 UTC	pdp	audit	-3936	-3842	2.3	59
1554057699000	2019-03-31 18:41:39 UTC	ts	audit	3004	3004	1.1	60
1554066558000	2019-03-31 21:09:18 UTC	pdp	minor	51	51	2.3	60
1554082791000	2019-04-01 01:39:51 UTC	pdp	minor	61	61	2.7	60
1554095943000	2019-04-01 05:19:03 UTC	pdp	minor	69	69	1.8	60
1554098637000	2019-04-01 06:03:57 UTC	pdp	minor	52	52	1.1	60
1554112916000	2019-04-01 10:01:56 UTC	pdp	minor	58	58	-2.0	60
1554117443000	2019-04-01 11:17:23 UTC	pdp	minor	-107	-107	4.1	60
1554117558000	2019-04-01 11:19:18 UTC	ts	minor	-75	-75	3.2	60
1554121320000	2019-04-01 12:22:00 UTC	pdp	minor	120	120	3.7	60
1554123348000	2019-04-01 12:55:48 UTC	pdp	audit	132	658	-4.5	60
1554123349000	2019-04-01 12:55:49 UTC	pdp	audit	131	658	-4.7	59
1554123350000	2019-04-01 12:55:50 UTC	pdp	audit	132	658	-4.8	58
1554123351000	2019-04-01 12:55:51 UTC	pdp	audit	131	658	-5.0	57
1554123352000	2019-04-01 12:55:52 UTC	pdp	audit	132	658	-5.2	56
1554124659000	2019-04-01 13:17:39 UTC	pdp	minor	60	60	1.9	60
1554143729000	2019-04-01 18:35:29 UTC	pdp	audit	2723	2723	3.8	60
1554143820000	2019-04-01 18:37:00 UTC	ts	audit	1625	1625	1.2	60
1554153852000	2019-04-01 21:24:12 UTC	pdp	minor	76	76	1.6	60
1554164795000	2019-04-02 00:26:35 UTC	ts	minor	-61	-61	1.9	60
1554165898000	2019-04-02 00:44:58 UTC	pdp	minor	82	82	1.9	60
1554167051000	2019-04-02 01:04:11 UTC	pdp	minor	56	56	2.5	60
1554170219000	2019-04-02 01:56:59 UTC	ts	minor	-52	-52	0.9	60
1554170223000	2019-04-02 01:57:03 UTC	ts	minor	72	72	0.9	59
1554171356000	2019-04-02 02:15:56 UTC	pdp	minor	54	54	2.5	60
1554181245000	2019-04-02 05:00:45 UTC	pdp	minor	54	54	2.3	60
1554184121000	2019-04-02 05:48:41 UTC	pdp	minor	63	63	2.8	60
1554188368000	2019-04-02 06:59:28 UTC	ts	minor	67	138	1.6	60
1554188369000	2019-04-02 06:59:29 UTC	ts	minor	71	138	1.6	59
1554196240000	2019-04-02 09:10:40 UTC	ts	minor	75	224	2.5	60
1554196241000	2019-04-02 09:10:41 UTC	ts	minor	74	224	2.5	59
1554196242000	2019-04-02 09:10:42 UTC	pdp	minor	259	259	2.4	60
1554196242000	2019-04-02 09:10:42 UTC	ts	minor	75	224	2.5	58
1554199451000	2019-04-02 10:04:11 UTC	pdp	minor	113	113	2.6	60
1554199451000	2019-04-02 10:04:11 UTC	ts	minor	94	94	2.8	60
1554204460000	2019-04-02 11:27:40 UTC	pdp	minor	65	65	1.0	60
1554214645000	2019-04-02 14:17:25 UTC	ts	minor	54	54	1.9	60
1554215653000	2019-04-02 14:34:13 UTC	pdp	minor	84	84	2.2	60
1554217009000	2019-04-02 14:56:49 UTC	ts	minor	110	110	1.3	60
1554218346000	2019-04-02 15:19:06 UTC	ts	minor	76	76	2.9	60
1554219394000	2019-04-02 15:36:34 UTC	pdp	minor	100	100	2.2	60
1554221103000	2019-04-02 16:05:03 UTC	pdp	minor	67	67	2.9	60
1554221385000	2019-04-02 16:09:45 UTC	pdp	minor	58	58	2.8	60
1554221468000	2019-04-02 16:11:08 UTC	pdp	minor	51	51	2.3	60
1554230266000	2019-04-02 18:37:46 UTC	pdp	minor	74	74	2.3	60
1554230471000	2019-04-02 18:41:11 UTC	pdp	minor	62	62	2.3	60
1554230591000	2019-04-02 18:43:11 UTC	pdp	minor	64	64	2.2	60
1554231638000	2019-04-02 19:00:38 UTC	pdp	minor	62	62	3.0	60
1554233877000	2019-04-02 19:37:57 UTC	pdp	minor	87	87	3.2	60
1554234687000	2019-04-02 19:51:27 UTC	pdp	minor	92	92	2.2	60
1554234821000	2019-04-02 19:53:41 UTC	pdp	minor	86	179	3.8	60
1554234825000	2019-04-02 19:53:45 UTC	pdp	minor	93	179	3.5	59
1554236380000	2019-04-02 20:19:40 UTC	pdp	minor	54	54	2.2	60
1554239000000	2019-04-02 21:03:20 UTC	ts	minor	90	90	-0.9	60
1554248083000	2019-04-02 23:34:43 UTC	pdp	minor	81	81	1.3	60
1554248115000	2019-04-02 23:35:15 UTC	pdp	minor	66	66	0.6	59
1554250653000	2019-04-03 00:17:33 UTC	ts	audit	3475	3475	0.7	60
1554251045000	2019-04-03 00:24:05 UTC	pdp	audit	-3734	-3734	2.9	60
1554266705000	2019-04-03 04:45:05 UTC	pdp	minor	57	57	1.8	60
1554270619000	2019-04-03 05:50:19 UTC	pdp	minor	54	54	1.2	60
1554289703000	2019-04-03 11:08:23 UTC	pdp	minor	76	76	1.1	60
1554290588000	2019-04-03 11:23:08 UTC	pdp	minor	68	68	2.0	60
1554290806000	2019-04-03 11:26:46 UTC	pdp	minor	67	67	1.8	60
1554292864000	2019-04-03 12:01:04 UTC	ts	minor	172	172	0.9	60
1554292896000	2019-04-03 12:01:36 UTC	pdp	minor	-76	-13	1.7	60
1554292911000	2019-04-03 12:01:51 UTC	pdp	minor	63	-13	2.2	59
1554298599000	2019-04-03 13:36:39 UTC	ts	minor	58	58	1.0	60
1554304387000	2019-04-03 15:13:07 UTC	pdp	minor	67	67	2.7	60
1554307056000	2019-04-03 15:57:36 UTC	pdp	minor	60	60	2.6	60
1554307245000	2019-04-03 16:00:45 UTC	pdp	minor	81	81	2.5	60
1554309325000	2019-04-03 16:35:25 UTC	pdp	minor	120	120	3.3	60
1554309325000	2019-04-03 16:35:25 UTC	ts	minor	93	93	2.4	60
1554310925000	2019-04-03 17:02:05 UTC	pdp	minor	114	114	1.5	60
1554311410000	2019-04-03 17:10:10 UTC	pdp	minor	71	71	2.3	60
1554311620000	2019-04-03 17:13:40 UTC	pdp	minor	210	210	2.8	60
1554316127000	2019-04-03 18:28:47 UTC	ts	audit	1397	1397	1.7	60
1554316330000	2019-04-03 18:32:10 UTC	pdp	audit	2905	2905	2.8	60
1554320551000	2019-04-03 19:42:31 UTC	pdp	minor	51	51	2.5	60
1554354151000	2019-04-04 05:02:31 UTC	ts	minor	58	58	-0.3	60
1554386633000	2019-04-04 14:03:53 UTC	pdp	minor	213	213	2.7	60
1554388396000	2019-04-04 14:33:16 UTC	ts	minor	92	92	1.7	60
1554390370000	2019-04-04 15:06:10 UTC	pdp	minor	51	51	2.3	60
1554390964000	2019-04-04 15:16:04 UTC	pdp	minor	65	65	2.2	60
1554392386000	2019-04-04 15:39:46 UTC	pdp	minor	59	59	2.3	60
1554393702000	2019-04-04 16:01:42 UTC	ts	minor	78	78	0.9	60
1554394835000	2019-04-04 16:20:35 UTC	pdp	minor	144	144	2.4	60
1554401802000	2019-04-04 18:16:42 UTC	ts	minor	-90	-90	-1.2	60
1554402199000	2019-04-04 18:23:19 UTC	pdp	minor	51	51	1.7	60
1554402273000	2019-04-04 18:24:33 UTC	pdp	minor	71	71	1.6	60
1554402647000	2019-04-04 18:30:47 UTC	pdp	audit	1742	1742	2.5	60
1554402692000	2019-04-04 18:31:32 UTC	ts	audit	6595	6595	-1.5	60
1554403070000	2019-04-04 18:37:50 UTC	pdp	minor	55	55	2.1	60
1554405055000	2019-04-04 19:10:55 UTC	pdp	minor	54	54	2.0	60
1554407136000	2019-04-04 19:45:36 UTC	pdp	minor	73	73	1.9	60
1554409565000	2019-04-04 20:26:05 UTC	pdp	minor	84	84	1.9	60
1554410666000	2019-04-04 20:44:26 UTC	pdp	minor	51	51	1.7	60
1554414781000	2019-04-04 21:53:01 UTC	pdp	minor	51	51	1.6	60
1554415374000	2019-04-04 22:02:54 UTC	pdp	minor	-89	-89	3.7	60
1554440263000	2019-04-05 04:57:43 UTC	pdp	minor	101	184	2.3	60
1554440263000	2019-04-05 04:57:43 UTC	ts	minor	97	97	0.9	60
1554440264000	2019-04-05 04:57:44 UTC	pdp	minor	83	184	2.3	59
1554465459000	2019-04-05 11:57:39 UTC	pdp	minor	66	66	2.0	60
1554465459000	2019-04-05 11:57:39 UTC	ts	minor	68	68	1.7	60
1554468350000	2019-04-05 12:45:50 UTC	ts	minor	51	51	2.1	60
1554468627000	2019-04-05 12:50:27 UTC	pdp	minor	64	64	2.8	60
1554478696000	2019-04-05 15:38:16 UTC	ts	minor	63	63	1.6	60
1554482725000	2019-04-05 16:45:25 UTC	ts	minor	63	63	1.1	60
1554483129000	2019-04-05 16:52:09 UTC	ts	minor	62	62	0.9	60
1554489083000	2019-04-05 18:31:23 UTC	pdp	audit	-2130	-2130	2.5	60
1554489548000	2019-04-05 18:39:08 UTC	ts	minor	593	593	0.1	60
1554490895000	2019-04-05 19:01:35 UTC	ts	minor	60	60	-0.1	60
1554492001000	2019-04-05 19:20:01 UTC	pdp	minor	53	53	1.6	60
1554499579000	2019-04-05 21:26:19 UTC	pdp	minor	89	89	2.0	60
1554518964000	2019-04-06 02:49:24 UTC	pdp	minor	146	146	2.5	60
1554518964000	2019-04-06 02:49:24 UTC	ts	minor	96	96	1.6	60
1554519620000	2019-04-06 03:00:20 UTC	pdp	minor	53	53	1.5	60
1554576580000	2019-04-06 18:49:40 UTC	ts	audit	-3854	-3854	1.0	60
1554600434000	2019-04-07 01:27:14 UTC	pdp	minor	71	71	1.2	60
1554600434000	2019-04-07 01:27:14 UTC	ts	minor	56	56	1.4	60
1554606527000	2019-04-07 03:08:47 UTC	ts	minor	70	70	1.9	60
1554613033000	2019-04-07 04:57:13 UTC	ts	minor	74	74	0.4	60
1554619860000	2019-04-07 06:51:00 UTC	pdp	minor	96	96	0.6	60
1554633940000	2019-04-07 10:45:40 UTC	ts	minor	68	68	-0.4	60
1554636074000	2019-04-07 11:21:14 UTC	ts	minor	62	62	2.2	60
1554636083000	2019-04-07 11:21:23 UTC	pdp	minor	51	51	0.8	60
1554647543000	2019-04-07 14:32:23 UTC	pdp	minor	59	59	1.8	60
1554654842000	2019-04-07 16:34:02 UTC	pdp	minor	56	56	1.1	60
1554655385000	2019-04-07 16:43:05 UTC	ts	minor	73	73	2.3	60
1554661289000	2019-04-07 18:21:29 UTC	pdp	minor	63	63	1.9	60
1554661413000	2019-04-07 18:23:33 UTC	pdp	minor	62	62	1.0	60
1554662024000	2019-04-07 18:33:44 UTC	pdp	audit	-1864	-1864	1.6	60
1554662038000	2019-04-07 18:33:58 UTC	ts	audit	2859	2859	1.6	60
1554664135000	2019-04-07 19:08:55 UTC	pdp	minor	63	63	1.6	60
1554677451000	2019-04-07 22:50:51 UTC	ts	minor	70	70	-0.7	60
1554691911000	2019-04-08 02:51:51 UTC	pdp	minor	-78	-78	1.2	60
1554693761000	2019-04-08 03:22:41 UTC	ts	minor	51	51	1.2	60
1554694040000	2019-04-08 03:27:20 UTC	ts	minor	52	52	1.8	60
1554718092000	2019-04-08 10:08:12 UTC	ts	minor	85	85	2.6	60
1554721526000	2019-04-08 11:05:26 UTC	ts	minor	70	70	2.3	60
1554723136000	2019-04-08 11:32:16 UTC	pdp	minor	95	95	-0.2	60
1554729529000	2019-04-08 13:18:49 UTC	ts	minor	54	54	1.6	60
1554730915000	2019-04-08 13:41:55 UTC	ts	minor	74	74	2.0	60
1554731175000	2019-04-08 13:46:15 UTC	ts	minor	58	58	1.6	60
1554732555000	2019-04-08 14:09:15 UTC	ts	minor	54	54	1.6	60
1554734191000	2019-04-08 14:36:31 UTC	pdp	minor	80	80	0.1	60
1554748750000	2019-04-08 18:39:10 UTC	ts	audit	4255	4255	2.3	60
1554785040000	2019-04-09 04:44:00 UTC	ts	minor	-256	-256	1.7	60
1554786660000	2019-04-09 05:11:00 UTC	pdp	minor	80	80	1.0	60
1554786660000	2019-04-09 05:11:00 UTC	ts	minor	76	76	2.5	60
1554790260000	2019-04-09 06:11:00 UTC	ts	minor	-102	-102	2.2	60
1554791160000	2019-04-09 06:26:00 UTC	ts	minor	118	118	1.9	60
1554826956000	2019-04-09 16:22:36 UTC	ts	minor	56	56	1.7	60
1554834060000	2019-04-09 18:21:00 UTC	ts	minor	60	60	1.3	60
1554834840000	2019-04-09 18:34:00 UTC	ts	audit	992	992	1.9	60
1554835359000	2019-04-09 18:42:39 UTC	pdp	audit	-6855	-6855	1.5	60
1554894156000	2019-04-10 11:02:36 UTC	ts	minor	73	73	-0.5	60
1554899554000	2019-04-10 12:32:34 UTC	ts	minor	61	61	1.9	60
1554901529000	2019-04-10 13:05:29 UTC	ts	minor	65	65	1.9	60
1554906218000	2019-04-10 14:23:38 UTC	pdp	minor	59	59	1.7	60
1554906218000	2019-04-10 14:23:38 UTC	ts	minor	90	90	3.1	60
1554907337000	2019-04-10 14:42:17 UTC	ts	minor	99	99	1.0	60
1554921420000	2019-04-10 18:37:00 UTC	pdp	minor	-455	-455	0.8	60
1554921463000	2019-04-10 18:37:43 UTC	ts	audit	4237	4237	1.0	60
1554939928000	2019-04-10 23:45:28 UTC	pdp	minor	69	69	0.5	60
1554958487000	2019-04-11 04:54:47 UTC	ts	minor	63	63	0.0	60
1554975552000	2019-04-11 09:39:12 UTC	ts	minor	161	161	2.4	60
1555007848000	2019-04-11 18:37:28 UTC	pdp	audit	-3195	-3195	1.0	60
1555008212000	2019-04-11 18:43:32 UTC	ts	audit	2350	2350	1.7	60
1555061952000	2019-04-12 09:39:12 UTC	ts	minor	174	174	2.5	60
1555095098000	2019-04-12 18:51:38 UTC	pdp	minor	68	68	1.2	60
1555095098000	2019-04-12 18:51:38 UTC	ts	minor	137	137	1.4	60
1555095517000	2019-04-12 18:58:37 UTC	ts	audit	4951	4951	1.1	60
1555095964000	2019-04-12 19:06:04 UTC	pdp	audit	-1855	-1855	0.6	60
1555123536000	2019-04-13 02:45:36 UTC	ts	minor	51	51	1.2	60
1555164514000	2019-04-13 14:08:34 UTC	ts	minor	53	53	1.0	60
1555188984000	2019-04-13 20:56:24 UTC	pdp	audit	-2371	-2371	0.8	60
1555189035000	2019-04-13 20:57:15 UTC	ts	audit	3284	3284	0.6	60
1555217399000	2019-04-14 04:49:59 UTC	ts	minor	56	56	2.5	60
1555219411000	2019-04-14 05:23:31 UTC	ts	minor	66	66	3.1	60
1555221748000	2019-04-14 06:02:28 UTC	ts	minor	108	108	1.7	60
1555222475000	2019-04-14 06:14:35 UTC	ts	minor	62	62	2.6	60
1555222524000	2019-04-14 06:15:24 UTC	ts	minor	95	95	1.5	59
1555233880000	2019-04-14 09:24:40 UTC	ts	minor	65	65	2.3	60
1555236608000	2019-04-14 10:10:08 UTC	ts	minor	56	56	2.6	60
1555238590000	2019-04-14 10:43:10 UTC	pdp	minor	52	52	1.4	60
1555239993000	2019-04-14 11:06:33 UTC	ts	minor	52	52	1.2	60
1555240035000	2019-04-14 11:07:15 UTC	ts	minor	69	69	-0.4	59
1555240846000	2019-04-14 11:20:46 UTC	pdp	minor	-68	-68	2.3	60
1555243592000	2019-04-14 12:06:32 UTC	ts	minor	75	75	2.6	60
1555252077000	2019-04-14 14:27:57 UTC	ts	minor	56	56	2.5	60
1555254246000	2019-04-14 15:04:06 UTC	ts	minor	77	77	3.4	60
1555255227000	2019-04-14 15:20:27 UTC	ts	minor	90	90	2.1	60
1555257962000	2019-04-14 16:06:02 UTC	ts	minor	64	64	2.3	60
1555259819000	2019-04-14 16:36:59 UTC	ts	minor	93	93	2.3	60
1555260265000	2019-04-14 16:44:25 UTC	ts	minor	79	79	1.4	60
1555266144000	2019-04-14 18:22:24 UTC	ts	minor	73	73	0.7	60
1555266260000	2019-04-14 18:24:20 UTC	pdp	audit	-4555	-4555	0.8	60
1555266833000	2019-04-14 18:33:53 UTC	ts	audit	6514	6514	1.1	60
1555267302000	2019-04-14 18:41:42 UTC	pdp	minor	83	83	1.0	60
1555267302000	2019-04-14 18:41:42 UTC	ts	minor	90	90	1.6	60
1555344962000	2019-04-15 16:16:02 UTC	ts	minor	72	72	1.1	60
1555352879000	2019-04-15 18:27:59 UTC	ts	audit	3980	3980	1.4	60
1555352886000	2019-04-15 18:28:06 UTC	ts	minor	89	89	1.5	59
1555353161000	2019-04-15 18:32:41 UTC	pdp	audit	-3270	-3270	0.9	60
1555397839000	2019-04-16 06:57:19 UTC	ts	minor	-57	-57	2.8	60
1555438854000	2019-04-16 18:20:54 UTC	pdp	audit	-3313	-3313	0.7	60
1555438882000	2019-04-16 18:21:22 UTC	ts	audit	1567	1567	1.4	60
1555484844000	2019-04-17 07:07:24 UTC	ts	minor	-53	10	1.9	60
1555484863000	2019-04-17 07:07:43 UTC	ts	minor	63	10	2.5	59
1555524973000	2019-04-17 18:16:13 UTC	ts	audit	1467	1467	1.3	60
1555524974000	2019-04-17 18:16:14 UTC	pdp	audit	-1688	-1688	0.5	60
1555580750000	2019-04-18 09:45:50 UTC	ts	minor	52	52	1.4	60
1555595977000	2019-04-18 13:59:37 UTC	ts	minor	55	55	1.0	60
1555596959000	2019-04-18 14:15:59 UTC	ts	minor	73	73	1.6	60
1555605417000	2019-04-18 16:36:57 UTC	ts	minor	63	63	1.0	60
1555614705000	2019-04-18 19:11:45 UTC	ts	audit	2761	2761	0.9	60
1555614845000	2019-04-18 19:14:05 UTC	pdp	audit	-2807	-2807	0.8	60
1555625306000	2019-04-18 22:08:26 UTC	ts	minor	-78	-78	0.0	60
1555628913000	2019-04-18 23:08:33 UTC	ts	minor	-66	-66	0.4	60
1555647765000	2019-04-19 04:22:45 UTC	ts	minor	65	65	1.6	60
1555648245000	2019-04-19 04:30:45 UTC	ts	minor	65	65	2.0	60
1555661247000	2019-04-19 08:07:27 UTC	pdp	minor	-87	-87	0.3	60
1555698435000	2019-04-19 18:27:15 UTC	ts	audit	2534	2534	1.8	60
1555698953000	2019-04-19 18:35:53 UTC	pdp	audit	-6816	-6816	0.8	60
1555734985000	2019-04-20 04:36:25 UTC	ts	minor	-70	17	0.9	60
1555734997000	2019-04-20 04:36:37 UTC	ts	minor	87	17	0.7	59
1555735122000	2019-04-20 04:38:42 UTC	ts	minor	69	69	-0.3	60
1555735722000	2019-04-20 04:48:42 UTC	ts	minor	53	53	-0.1	60
1555740467000	2019-04-20 06:07:47 UTC	ts	minor	53	53	1.3	60
1555764180000	2019-04-20 12:43:00 UTC	ts	minor	54	54	1.5	60
1555775841000	2019-04-20 15:57:21 UTC	ts	minor	61	61	1.1	60
1555784572000	2019-04-20 18:22:52 UTC	ts	audit	1175	1175	1.5	60
1555784974000	2019-04-20 18:29:34 UTC	pdp	audit	-2849	-2849	0.8	60
1555806846000	2019-04-21 00:34:06 UTC	pdp	minor	-58	-58	0.6	60
1555822486000	2019-04-21 04:54:46 UTC	pdp	minor	78	78	0.5	60
1555827016000	2019-04-21 06:10:16 UTC	ts	minor	58	58	1.6	60
1555845411000	2019-04-21 11:16:51 UTC	ts	minor	52	52	1.6	60
1555847875000	2019-04-21 11:57:55 UTC	ts	minor	54	54	1.0	60
1555855193000	2019-04-21 13:59:53 UTC	ts	minor	51	51	1.2	60
1555870825000	2019-04-21 18:20:25 UTC	pdp	audit	-1481	-1481	0.5	60
1555870862000	2019-04-21 18:21:02 UTC	ts	audit	929	929	1.0	60
1555909748000	2019-04-22 05:09:08 UTC	ts	minor	51	51	0.5	60
1555909842000	2019-04-22 05:10:42 UTC	ts	minor	53	53	1.0	60
1555930085000	2019-04-22 10:48:05 UTC	ts	minor	57	57	1.4	60
1555931151000	2019-04-22 11:05:51 UTC	ts	minor	63	63	2.2	60
1555935481000	2019-04-22 12:18:01 UTC	ts	minor	80	80	1.2	60
1555948589000	2019-04-22 15:56:29 UTC	ts	minor	79	79	1.8	60
1555957163000	2019-04-22 18:19:23 UTC	pdp	audit	-3457	-3457	1.1	60
1555957573000	2019-04-22 18:26:13 UTC	ts	audit	-671	-671	1.9	60
1555984334000	2019-04-23 01:52:14 UTC	ts	minor	59	59	2.4	60
1556017827000	2019-04-23 11:10:27 UTC	ts	minor	53	53	0.7	60
1556043568000	2019-04-23 18:19:28 UTC	pdp	audit	-1448	-1448	0.3	60
1556043606000	2019-04-23 18:20:06 UTC	ts	audit	3099	3099	1.4	60
1556129724000	2019-04-24 18:15:24 UTC	pdp	audit	-3053	-3053	0.8	60
1556129834000	2019-04-24 18:17:14 UTC	ts	minor	375	375	2.0	60
1556181835000	2019-04-25 08:43:55 UTC	ts	minor	85	85	2.0	60
1556216524000	2019-04-25 18:22:04 UTC	ts	audit	1939	1939	1.9	60
1556216653000	2019-04-25 18:24:13 UTC	pdp	audit	-2686	-2686	0.7	60
1556216997000	2019-04-25 18:29:57 UTC	ts	minor	65	194	1.7	60
1556216998000	2019-04-25 18:29:58 UTC	ts	minor	64	194	1.7	59
1556216999000	2019-04-25 18:29:59 UTC	ts	minor	65	194	1.7	58
1556217069000	2019-04-25 18:31:09 UTC	pdp	audit	-991	-991	0.6	60
1556302524000	2019-04-26 18:15:24 UTC	pdp	audit	-1020	-1020	0.6	60
1556302634000	2019-04-26 18:17:14 UTC	ts	minor	126	126	2.0	60
1556302745000	2019-04-26 18:19:05 UTC	pdp	audit	-710	-710	0.8	60
1556303399000	2019-04-26 18:29:59 UTC	ts	minor	127	127	1.6	60
1556303469000	2019-04-26 18:31:09 UTC	pdp	audit	-660	-660	0.6	60
1556389799000	2019-04-27 18:29:59 UTC	ts	minor	384	384	1.5	60
1556389869000	2019-04-27 18:31:09 UTC	pdp	audit	-1981	-1981	0.7	60
1556475545000	2019-04-28 18:19:05 UTC	pdp	audit	-2129	-2129	0.8	60
1556561945000	2019-04-29 18:19:05 UTC	pdp	audit	-1064	-1064	1.3	60
1556562021000	2019-04-29 18:20:21 UTC	ts	minor	66	66	1.8	60
1556562599000	2019-04-29 18:29:59 UTC	ts	minor	189	189	1.4	60
1556562669000	2019-04-29 18:31:09 UTC	pdp	audit	-990	-990	1.1	60
1556614070000	2019-04-30 08:47:50 UTC	ts	minor	52	52	2.0	60
1556648693000	2019-04-30 18:24:53 UTC	pdp	audit	-1219	-1219	0.7	60